agency_id,ori,legacy_ori,agency_name,short_name,agency_type_id,agency_type_name,tribe_id,campus_id,city_id,city_name,state_id,state_abbr,primary_county_id,primary_county,primary_county_fips,agency_status,submitting_agency_id,submitting_sai,submitting_name,submitting_state_abbr,start_year,dormant_year,current_year,revised_rape_start,current_nibrs_start_year,population,population_group_code,population_group_desc,population_source_flag,suburban_area_flag,core_city_flag,months_reported,nibrs_months_reported,past_10_years_reported,covered_by_id,covered_by_ori,covered_by_name,staffing_year,total_officers,total_civilians,icpsr_zip,icpsr_lat,icpsr_lng
2103,CO0621300,CO0621300,Platteville Police Department,Platteville,1,City,,,1173,Platteville,7,CO,317,Weld,08123,A,23358,COUCR0001,Colorado Bureau of Investigation Uniform Crime Reporting,CO,1976,,2016,2013,2014,3729,6,"Cities from 2,500 thru 9,999",L,Y,N,12,12,8,,,,2016,6,0,80651,40.555794,-104.383649
2087,CO0610000,CO0610000,Washington County Sheriff's Office,Washington,2,County,,,,,7,CO,316,Washington,08121,A,23358,COUCR0001,Colorado Bureau of Investigation Uniform Crime Reporting,CO,1960,,2016,2013,2015,4792,8D,"Non-MSA counties under 10,000",L,N,N,12,12,9,,,,2016,9,36,80720,39.96579,-103.209744
1968,CO0301000,CO0301000,Red Rocks Community College,Red Rocks Community College,3,University or College,,488,,,7,CO,285,Jefferson,08059,A,23358,COUCR0001,Colorado Bureau of Investigation Uniform Crime Reporting,CO,1979,,2016,2013,2015,0,7,"Cities under 2,500",L,Y,N,12,12,8,,,,2016,6,3,80228,39.576572,-105.251249
1847,CO0030800,CO0030800,Columbine Valley Police Department,Columbine Valley,1,City,,,1136,Littleton,7,CO,257,Arapahoe,08005,A,23358,COUCR0001,Colorado Bureau of Investigation Uniform Crime Reporting,CO,1977,,2016,2013,2011,1346,7,"Cities under 2,500",L,Y,N,12,12,9,,,,2016,6,0,80123,39.644632,-104.331733
2119,CODPD0000,CODPD0000,Denver Police Department,Denver,1,City,,,1068,Denver,7,CO,271,Denver,08031,A,23358,COUCR0001,Colorado Bureau of Investigation Uniform Crime Reporting,CO,1960,,2016,2013,2005,682418,1B,"Cities from 500,000 thru 999,999",L,N,Y,12,12,10,,,,2016,1483,316,80204,39.76185,-104.880641
1954,CO0280000,CO0280000,Huerfano County Sheriff's Office,Huerfano,2,County,,,,,7,CO,283,Huerfano,08055,A,23358,COUCR0001,Colorado Bureau of Investigation Uniform Crime Reporting,CO,1960,,2016,2013,,2825,8D,"Non-MSA counties under 10,000",L,N,N,8,8,7,,,,2016,10,13,81089,37.687815,-104.959928
1870,CO0070800,CO0070800,Nederland Police Department,Nederland,1,City,,,1156,Nederland,7,CO,261,Boulder,08013,A,23358,COUCR0001,Colorado Bureau of Investigation Uniform Crime Reporting,CO,1978,,2016,,2016,1518,7,"Cities under 2,500",L,Y,N,12,12,5,,,,2016,5,1,80466,40.094838,-105.398376
1940,CO0240000,CO0240000,Gilpin County Sheriff's Office,Gilpin,2,County,,,,,7,CO,279,Gilpin,08047,A,23358,COUCR0001,Colorado Bureau of Investigation Uniform Crime Reporting,CO,1960,,2016,2013,2005,5108,9D,"MSA counties under 10,000",L,Y,N,12,12,10,,,,2016,40,17,80403,39.861082,-105.528947
1948,CO0250400,CO0250400,Fraser/Winter Park Police Department,Fraser/Winter Park,1,City,,,1210,Winter Park,7,CO,280,Grand,08049,A,23358,COUCR0001,Colorado Bureau of Investigation Uniform Crime Reporting,CO,2006,,2016,2014,2014,2098,7,"Cities under 2,500",L,N,N,12,12,8,,,,2016,9,1,80482,40.123289,-106.095876
25314,CO0191000,CO0191000,Gypsum Police Department,Gypsum,1,City,,,12022,Gypsum,7,CO,274,Eagle,08037,A,23358,COUCR0001,Colorado Bureau of Investigation Uniform Crime Reporting,CO,2014,,2016,2014,2015,6875,6,"Cities from 2,500 thru 9,999",L,N,N,12,12,2,,,,2016,3,0,,,
2107,CO0621700,CO0621700,Frederick Police Department,Frederick,1,City,,,1094,Frederick,7,CO,317,Weld,08123,A,23358,COUCR0001,Colorado Bureau of Investigation Uniform Crime Reporting,CO,1977,,2016,2013,,11563,5,"Cities from 10,000 thru 24,999",L,Y,N,11,11,9,,,,2016,17,3,80530,40.555794,-104.383649
1855,CO0050000,CO0050000,Baca County Sheriff's Office,Baca,2,County,,,,,7,CO,259,Baca,08009,A,23358,COUCR0001,Colorado Bureau of Investigation Uniform Crime Reporting,CO,1960,,2016,2013,2009,1607,8D,"Non-MSA counties under 10,000",L,N,N,12,12,9,,,,2016,4,8,81073,37.306678,-102.537765
1895,CO0150300,CO0150300,Hotchkiss Police Department,Hotchkiss,1,City,,,1115,Hotchkiss,7,CO,270,Delta,08029,A,23358,COUCR0001,Colorado Bureau of Investigation Uniform Crime Reporting,CO,1977,,2016,2013,2013,899,7,"Cities under 2,500",L,N,N,12,12,7,,,,2016,3,0,81419,38.861756,-107.864757
1941,CO0240100,CO0240100,Central City Police Department,Central City,1,City,,,1054,Central City,7,CO,279,Gilpin,08047,A,23358,COUCR0001,Colorado Bureau of Investigation Uniform Crime Reporting,CO,1976,,2016,2013,,739,7,"Cities under 2,500",L,Y,N,0,1,6,,,,2016,2,0,80427,39.861082,-105.528947
1914,CO0190600,CO0190600,Avon Police Department,Avon,1,City,,,1035,Avon,7,CO,274,Eagle,08037,A,23358,COUCR0001,Colorado Bureau of Investigation Uniform Crime Reporting,CO,1979,,2016,2013,2001,6465,6,"Cities from 2,500 thru 9,999",L,N,N,12,12,10,,,,2016,17,2,81620,39.630638,-106.692944
2102,CO0621200,CO0621200,Ault Police Department,Ault,1,City,,,1033,Ault,7,CO,317,Weld,08123,A,23358,COUCR0001,Colorado Bureau of Investigation Uniform Crime Reporting,CO,1976,,2016,2013,2005,1623,7,"Cities under 2,500",L,Y,N,12,12,10,,,,2016,5,1,80610,40.555794,-104.383649
2035,CO0460100,CO0460100,Ouray Police Department,Ouray,1,City,,,1165,Ouray,7,CO,301,Ouray,08091,A,23358,COUCR0001,Colorado Bureau of Investigation Uniform Crime Reporting,CO,1977,,2016,2013,2014,1025,7,"Cities under 2,500",L,N,N,12,12,9,,,,2016,6,0,81427,38.1506,-107.767133
2017,CO0430000,CO0430000,Montrose County Sheriff's Office,Montrose,2,County,,,,,7,CO,298,Montrose,08085,A,23358,COUCR0001,Colorado Bureau of Investigation Uniform Crime Reporting,CO,1960,,2016,2013,1997,20125,8C,"Non-MSA counties from 10,000 thru 24,999",L,N,N,12,12,10,,,,2016,44,54,81401,38.413427,-108.263042
1877,CO0100100,CO0100100,Idaho Springs Police Department,Idaho Springs,1,City,,,1118,Idaho Springs,7,CO,265,Clear Creek,08019,A,23358,COUCR0001,Colorado Bureau of Investigation Uniform Crime Reporting,CO,1973,,2016,2013,1997,1708,7,"Cities under 2,500",L,Y,N,12,12,10,,,,2016,7,1,80452,39.689403,-105.670791
1952,CO0260300,CO0260300,Crested Butte Police Department,Crested Butte,1,City,,,1062,Crested Butte,7,CO,281,Gunnison,08051,A,23358,COUCR0001,Colorado Bureau of Investigation Uniform Crime Reporting,CO,1978,,2016,2013,2006,1556,7,"Cities under 2,500",L,N,N,12,12,10,,,,2016,6,2,81224,38.669679,-107.078108
1972,CO0320100,CO0320100,Burlington Police Department,Burlington,1,City,,,1046,Burlington,7,CO,287,Kit Carson,08063,A,23358,COUCR0001,Colorado Bureau of Investigation Uniform Crime Reporting,CO,1977,,2016,2013,1997,3960,6,"Cities from 2,500 thru 9,999",L,N,N,12,12,10,,,,2016,7,1,80807,39.30534,-102.603023
1989,CO0350500,CO0350500,"Colorado State University, Fort Collins","Colorado State University, Fort Collins",3,University or College,,139,,,7,CO,290,Larimer,08069,A,23358,COUCR0001,Colorado Bureau of Investigation Uniform Crime Reporting,CO,1965,,2016,2013,2006,0,7,"Cities under 2,500",L,Y,N,12,12,10,,,,2016,32,14,80523,40.663091,-105.482131
2100,CO0621000,CO0621000,Johnstown Police Department,Johnstown,1,City,,,1120,Johnstown,7,CO,317,Weld,08123,A,23358,COUCR0001,Colorado Bureau of Investigation Uniform Crime Reporting,CO,1976,,2016,2013,2005,14300,5,"Cities from 10,000 thru 24,999",L,Y,N,12,12,10,,,,2016,18,2,80534,40.555794,-104.383649
1838,CO0020200,CO0020200,Adams State University,Adams State University,3,University or College,,5,,,7,CO,256,Alamosa,08003,A,23358,COUCR0001,Colorado Bureau of Investigation Uniform Crime Reporting,CO,1977,,2016,2013,2014,0,7,"Cities under 2,500",L,N,N,12,12,8,,,,2016,5,1,81102,37.568442,-105.788041
1899,CO0160200,CO0160200,Auraria Higher Education Center,Auraria Higher Education Center,3,University or College,,37,,,7,CO,271,Denver,08031,A,23358,COUCR0001,Colorado Bureau of Investigation Uniform Crime Reporting,CO,1984,,2016,2013,,0,7,"Cities under 2,500",L,Y,N,7,8,9,,,,2016,27,18,80204,39.76185,-104.880641
1921,CO0210200,CO0210200,Fountain Police Department,Fountain,1,City,,,1092,Fountain,7,CO,275,El Paso,08041,A,23358,COUCR0001,Colorado Bureau of Investigation Uniform Crime Reporting,CO,1976,,2016,2013,2012,28031,4,"Cities from 25,000 thru 49,999",L,Y,N,12,12,9,,,,2016,51,11,80817,38.827383,-104.527472
2115,COCSP0000,COCSP0000,State Patrol,State Patrol,4,State Police,,,,,7,CO,3309,,,A,23358,COUCR0001,Colorado Bureau of Investigation Uniform Crime Reporting,CO,1973,,2016,2013,2006,0,8D,"Non-MSA counties under 10,000",L,N,N,12,12,10,,,,2016,742,386,80215,39.76185,-104.880641
2101,CO0621100,CO0621100,Milliken Police Department,Milliken,1,City,,,1148,Milliken,7,CO,317,Weld,08123,A,23358,COUCR0001,Colorado Bureau of Investigation Uniform Crime Reporting,CO,1976,,2016,2013,2013,6210,6,"Cities from 2,500 thru 9,999",L,Y,N,12,12,9,,,,2016,9,2,80543,40.555794,-104.383649
1830,CO0010400,CO0010400,Thornton Police Department,Thornton,1,City,,,1197,Thornton,7,CO,255,Adams,08001,A,23358,COUCR0001,Colorado Bureau of Investigation Uniform Crime Reporting,CO,1960,,2016,2013,2012,133188,2,"Cities from 100,000 thru 249,000",L,N,N,12,12,10,,,,2016,180,65,80229,39.874325,-104.331872
1998,CO0380100,CO0380100,Sterling Police Department,Sterling,1,City,,,1194,Sterling,7,CO,293,Logan,08075,A,23358,COUCR0001,Colorado Bureau of Investigation Uniform Crime Reporting,CO,1960,,2016,2013,1997,14574,5,"Cities from 10,000 thru 24,999",L,N,N,12,12,10,,,,2016,20,5,80751,40.728091,-103.090464
2081,CO0590400,CO0590400,Frisco Police Department,Frisco,1,City,,,1095,Frisco,7,CO,314,Summit,08117,A,23358,COUCR0001,Colorado Bureau of Investigation Uniform Crime Reporting,CO,1978,,2016,2013,2011,2971,6,"Cities from 2,500 thru 9,999",L,N,N,12,12,9,,,,2016,10,5,80443,39.621023,-106.137555
2030,CO0450100,CO0450100,La Junta Police Department,La Junta,1,City,,,1127,La Junta,7,CO,300,Otero,08089,A,23358,COUCR0001,Colorado Bureau of Investigation Uniform Crime Reporting,CO,1960,,2016,2013,2011,6926,6,"Cities from 2,500 thru 9,999",L,N,N,12,12,9,,,,2016,10,7,81050,37.88417,-103.72126
1860,CO0060000,CO0060000,Bent County Sheriff's Office,Bent,2,County,,,,,7,CO,260,Bent,08011,A,23358,COUCR0001,Colorado Bureau of Investigation Uniform Crime Reporting,CO,1960,,2016,2013,2016,5452,8D,"Non-MSA counties under 10,000",L,N,N,12,12,9,,,,2016,13,14,81054,37.931891,-103.077584
1971,CO0320000,CO0320000,Kit Carson County Sheriff's Office,Kit Carson,2,County,,,,,7,CO,287,Kit Carson,08063,A,23358,COUCR0001,Colorado Bureau of Investigation Uniform Crime Reporting,CO,1960,,2016,2013,2008,3437,8D,"Non-MSA counties under 10,000",L,N,N,12,12,9,,,,2016,7,24,80807,39.30534,-102.603023
1846,CO0030700,CO0030700,Greenwood Village Police Department,Greenwood Village,1,City,,,1108,Greenwood Village,7,CO,257,Arapahoe,08005,A,23358,COUCR0001,Colorado Bureau of Investigation Uniform Crime Reporting,CO,1977,,2016,2013,1997,15760,5,"Cities from 10,000 thru 24,999",L,Y,N,12,12,10,,,,2016,63,26,80111,39.644632,-104.331733
2057,CO0530000,CO0530000,Rio Grande County Sheriff's Office,Rio Grande,2,County,,,,,7,CO,308,Rio Grande,08105,A,23358,COUCR0001,Colorado Bureau of Investigation Uniform Crime Reporting,CO,1960,,2016,2013,2012,5091,8D,"Non-MSA counties under 10,000",L,N,N,12,12,10,,,,2016,14,20,81132,37.485763,-106.453214
1982,C0034019E,CO0340500,Fort Lewis College,Fort Lewis College,3,University or College,,217,,,7,CO,288,La Plata,08067,A,23358,COUCR0001,Colorado Bureau of Investigation Uniform Crime Reporting,CO,1995,,2016,2013,2005,0,7,"Cities under 2,500",L,N,N,12,12,10,,,,2016,8,2,,,
23103,CO0621900,CO0621900,Keenesburg Police Department,Keenesburg,1,City,,,1122,Keenesburg,7,CO,317,Weld,08123,A,23358,COUCR0001,Colorado Bureau of Investigation Uniform Crime Reporting,CO,2012,,2016,2013,,1206,7,"Cities under 2,500",L,Y,N,1,1,3,,,,,,,     ,40.555794,-104.383649
1926,CO0210700,CO0210700,Monument Police Department,Monument,1,City,,,1152,Monument,7,CO,275,El Paso,08041,A,23358,COUCR0001,Colorado Bureau of Investigation Uniform Crime Reporting,CO,1990,,2016,2013,2008,6479,6,"Cities from 2,500 thru 9,999",L,Y,N,12,12,10,,,,2016,14,3,80132,38.827383,-104.527472
1942,CO0240200,CO0240200,Black Hawk Police Department,Black Hawk,1,City,,,1039,Black Hawk,7,CO,279,Gilpin,08047,A,23358,COUCR0001,Colorado Bureau of Investigation Uniform Crime Reporting,CO,1983,,2016,2013,2006,128,7,"Cities under 2,500",L,Y,N,12,12,10,,,,2016,23,11,80422,39.861082,-105.528947
1909,CO0190000,CO0190000,Eagle County Sheriff's Office,Eagle,2,County,,,,,7,CO,274,Eagle,08037,A,23358,COUCR0001,Colorado Bureau of Investigation Uniform Crime Reporting,CO,1960,,2016,2013,1997,25091,8B,"Non-MSA counties from 25,000 thru 99,999",L,N,N,12,12,10,,,,2016,42,32,81631,39.630638,-106.692944
1840,CO0030100,CO0030100,Englewood Police Department,Englewood,1,City,,,1081,Englewood,7,CO,257,Arapahoe,08005,A,23358,COUCR0001,Colorado Bureau of Investigation Uniform Crime Reporting,CO,1960,,2016,2013,2011,33037,4,"Cities from 25,000 thru 49,999",L,Y,N,12,12,10,,,,2016,71,29,80110,39.644632,-104.331733
1917,CO0200200,CO0200200,Simla Police Department,Simla,1,City,,,1189,Simla,7,CO,276,Elbert,08039,A,23358,COUCR0001,Colorado Bureau of Investigation Uniform Crime Reporting,CO,1999,,2016,,2016,629,7,"Cities under 2,500",L,Y,N,12,12,1,,,,2016,2,0,80835,39.310582,-104.117729
1992,CO0360000,CO0360000,Las Animas County Sheriff's Office,Las Animas,2,County,,,,,7,CO,291,Las Animas,08071,A,23358,COUCR0001,Colorado Bureau of Investigation Uniform Crime Reporting,CO,1960,,2016,2013,,5787,8D,"Non-MSA counties under 10,000",L,N,N,6,6,7,,,,2016,13,18,81082,37.318831,-104.04411
2047,CO0500100,CO0500100,Lamar Police Department,Lamar,1,City,,,1132,Lamar,7,CO,305,Prowers,08099,A,23358,COUCR0001,Colorado Bureau of Investigation Uniform Crime Reporting,CO,1960,,2016,2013,,7524,6,"Cities from 2,500 thru 9,999",L,N,N,3,3,5,,,,2016,19,14,81052,37.958181,-102.392161
1920,CO0210100,CO0210100,Colorado Springs Police Department,Colorado Springs,1,City,,,1057,Colorado Springs,7,CO,275,El Paso,08041,A,23358,COUCR0001,Colorado Bureau of Investigation Uniform Crime Reporting,CO,1960,,2016,2013,1997,452410,1C,"Cities from 250,000 thru 499,999",L,N,Y,12,12,10,,,,2016,645,279,80901,38.827383,-104.527472
1856,CO0050100,CO0050100,Springfield Police Department,Springfield,1,City,,,1192,Springfield,7,CO,259,Baca,08009,A,23358,COUCR0001,Colorado Bureau of Investigation Uniform Crime Reporting,CO,1987,,2016,2013,2009,1394,7,"Cities under 2,500",L,N,N,12,12,9,,,,2016,4,0,81073,37.306678,-102.537765
1944,CO0250000,CO0250000,Grand County Sheriff's Office,Grand,2,County,,,,,7,CO,280,Grand,08049,A,23358,COUCR0001,Colorado Bureau of Investigation Uniform Crime Reporting,CO,1960,,2016,2013,,9253,8D,"Non-MSA counties under 10,000",L,N,N,11,11,7,,,,2016,24,27,80451,40.123289,-106.095876
2059,CO0530200,CO0530200,Del Norte Police Department,Del Norte,1,City,,,1066,Del Norte,7,CO,308,Rio Grande,08105,A,23358,COUCR0001,Colorado Bureau of Investigation Uniform Crime Reporting,CO,1978,,2016,2013,,1614,7,"Cities under 2,500",L,N,N,11,11,9,,,,2016,3,1,81132,37.485763,-106.453214
2079,CO0590200,CO0590200,Dillon Police Department,Dillon,1,City,,,1070,Dillon,7,CO,314,Summit,08117,A,23358,COUCR0001,Colorado Bureau of Investigation Uniform Crime Reporting,CO,1977,,2016,2013,2011,944,7,"Cities under 2,500",L,N,N,12,12,9,,,,2016,8,1,80435,39.621023,-106.137555
2042,CO0480200,CO0480200,Haxtun Police Department,Haxtun,1,City,,,1110,Haxtun,7,CO,303,Phillips,08095,A,23358,COUCR0001,Colorado Bureau of Investigation Uniform Crime Reporting,CO,1977,,2016,2013,2015,929,7,"Cities under 2,500",L,N,N,12,12,7,,,,2016,3,0,80731,40.594712,-102.345105
1853,CO0040100,CO0040100,Pagosa Springs Police Department,Pagosa Springs,1,City,,,1166,Pagosa Springs,7,CO,258,Archuleta,08007,A,23358,COUCR0001,Colorado Bureau of Investigation Uniform Crime Reporting,CO,1976,,2016,2013,2005,1749,7,"Cities under 2,500",L,N,N,12,12,10,,,,2016,7,1,81147,37.202395,-107.050863
2003,CO0390300,CO0390300,Palisade Police Department,Palisade,1,City,,,1167,Palisade,7,CO,294,Mesa,08077,A,23358,COUCR0001,Colorado Bureau of Investigation Uniform Crime Reporting,CO,1979,,2016,2013,2014,2648,6,"Cities from 2,500 thru 9,999",L,Y,N,12,12,5,,,,2016,8,2,81526,39.019492,-108.461837
1966,CO0300800,CO0300800,Colorado School of Mines,Colorado School of Mines,3,University or College,,138,,,7,CO,285,Jefferson,08059,A,23358,COUCR0001,Colorado Bureau of Investigation Uniform Crime Reporting,CO,1987,,2016,2014,2014,0,7,"Cities under 2,500",L,Y,N,12,12,8,,,,2016,10,1,80401,39.576572,-105.251249
2002,CO0390200,CO0390200,Fruita Police Department,Fruita,1,City,,,1096,Fruita,7,CO,294,Mesa,08077,A,23358,COUCR0001,Colorado Bureau of Investigation Uniform Crime Reporting,CO,1976,,2016,2013,2012,12790,5,"Cities from 10,000 thru 24,999",L,Y,N,12,12,10,,,,2016,16,2,81521,39.019492,-108.461837
2022,CO0438000,CO0438000,Delta Montrose Drug Task Force,Delta Montrose Drug Task Force,5,Other,,,,,7,CO,298,Montrose,08085,A,23358,COUCR0001,Colorado Bureau of Investigation Uniform Crime Reporting,CO,2009,,2016,2013,2011,0,7,"Cities under 2,500",L,N,N,11,12,5,,,,,,,81401,38.413427,-108.263042
1905,CO0180100,CO0180100,Castle Rock Police Department,Castle Rock,1,City,,,1051,Castle Rock,7,CO,273,Douglas,08035,A,23358,COUCR0001,Colorado Bureau of Investigation Uniform Crime Reporting,CO,1979,,2016,2013,2012,57699,3,"Cities from 50,000 thru 99,000",L,N,N,12,12,10,,,,2016,69,24,80104,39.326435,-104.926199
1928,CO0211000,CO0211000,Calhan Police Department,Calhan,1,City,,,1047,Calhan,7,CO,275,El Paso,08041,A,23358,COUCR0001,Colorado Bureau of Investigation Uniform Crime Reporting,CO,1985,,2016,2014,2015,800,7,"Cities under 2,500",L,Y,N,12,12,2,,,,2016,3,0,80808,38.827383,-104.527472
1872,CO0080100,CO0080100,Buena Vista Police Department,Buena Vista,1,City,,,1045,Buena Vista,7,CO,263,Chaffee,08015,A,23358,COUCR0001,Colorado Bureau of Investigation Uniform Crime Reporting,CO,1967,,2016,2013,2004,2764,6,"Cities from 2,500 thru 9,999",L,N,N,12,12,10,,,,2016,8,1,81211,38.738244,-106.316955
1959,CO0300100,CO0300100,Arvada Police Department,Arvada,1,City,,,1031,Arvada,7,CO,285,Jefferson,08059,A,23358,COUCR0001,Colorado Bureau of Investigation Uniform Crime Reporting,CO,1960,,2016,2013,2006,115379,2,"Cities from 100,000 thru 249,000",L,N,N,12,12,10,,,,2016,158,57,80002,39.576572,-105.251249
1980,CO0340300,CO0340300,Ignacio Police Department,Ignacio,1,City,,,1119,Ignacio,7,CO,288,La Plata,08067,A,23358,COUCR0001,Colorado Bureau of Investigation Uniform Crime Reporting,CO,1977,,2016,2013,2012,725,7,"Cities under 2,500",L,N,N,12,12,9,,,,2016,6,1,81137,37.287367,-107.839718
2097,CO0620700,CO0620700,Erie Police Department,Erie,1,City,,,1082,Erie,7,CO,317,Weld,08123,A,23358,COUCR0001,Colorado Bureau of Investigation Uniform Crime Reporting,CO,1976,,2016,2013,1997,21096,5,"Cities from 10,000 thru 24,999",L,Y,N,12,12,10,,,,2016,25,2,80516,40.555794,-104.383649
1973,CO0320200,CO0320200,Stratton Police Department,Stratton,1,City,,,1195,Stratton,7,CO,287,Kit Carson,08063,A,23358,COUCR0001,Colorado Bureau of Investigation Uniform Crime Reporting,CO,1981,,2016,2013,2016,664,7,"Cities under 2,500",L,N,N,12,12,5,,,,2016,1,0,80836,39.30534,-102.603023
2063,CO0540200,CO0540200,Hayden Police Department,Hayden,1,City,,,1111,Hayden,7,CO,309,Routt,08107,A,23358,COUCR0001,Colorado Bureau of Investigation Uniform Crime Reporting,CO,1971,,2016,2013,,1846,7,"Cities under 2,500",L,N,N,11,11,8,,,,2016,4,2,81639,40.483155,-106.985274
1967,CO0300900,CO0300900,Mountain View Police Department,Mountain View,1,City,,,1068,Denver,7,CO,285,Jefferson,08059,A,23358,COUCR0001,Colorado Bureau of Investigation Uniform Crime Reporting,CO,1977,,2016,2014,2015,526,7,"Cities under 2,500",L,Y,N,12,12,6,,,,2016,8,0,80212,39.576572,-105.251249
1978,CO0340100,CO0340100,Durango Police Department,Durango,1,City,,,1074,Durango,7,CO,288,La Plata,08067,A,23358,COUCR0001,Colorado Bureau of Investigation Uniform Crime Reporting,CO,1960,,2016,2013,2012,18095,5,"Cities from 10,000 thru 24,999",L,N,N,12,12,10,,,,2016,55,10,81301,37.287367,-107.839718
1925,CO0210600,CO0210600,Palmer Lake Police Department,Palmer Lake,1,City,,,1168,Palmer Lake,7,CO,275,El Paso,08041,A,23358,COUCR0001,Colorado Bureau of Investigation Uniform Crime Reporting,CO,1976,,2016,2013,2016,2615,6,"Cities from 2,500 thru 9,999",L,Y,N,12,12,5,,,,2016,2,0,80133,38.827383,-104.527472
1924,CO0210500,CO0210500,Pikes Peak Community College,Pikes Peak Community College,3,University or College,,476,,,7,CO,275,El Paso,08041,A,23358,COUCR0001,Colorado Bureau of Investigation Uniform Crime Reporting,CO,1976,,2016,2013,2016,0,7,"Cities under 2,500",L,Y,N,12,12,9,,,,2016,18,2,80906,38.827383,-104.527472
2067,CO0550000,CO0550000,Saguache County Sheriff's Office,Saguache,2,County,,,,,7,CO,310,Saguache,08109,A,23358,COUCR0001,Colorado Bureau of Investigation Uniform Crime Reporting,CO,1960,,2016,2013,2012,4256,8D,"Non-MSA counties under 10,000",L,N,N,12,12,9,,,,2016,8,11,81149,38.031651,-106.234666
1957,CO0290000,CO0290000,Jackson County Sheriff's Office,Jackson,2,County,,,,,7,CO,284,Jackson,08057,A,23358,COUCR0001,Colorado Bureau of Investigation Uniform Crime Reporting,CO,1960,,2016,2013,2016,1404,8D,"Non-MSA counties under 10,000",L,N,N,12,12,6,,,,2016,3,4,80480,40.663432,-106.329248
2014,CO0420200,CO0420200,Mancos Police Department,Mancos,1,City,,,1143,Mancos,7,CO,297,Montezuma,08083,A,23358,COUCR0001,Colorado Bureau of Investigation Uniform Crime Reporting,CO,1979,,2016,2013,2011,1387,7,"Cities under 2,500",L,N,N,12,12,10,,,,2016,4,0,81328,37.338025,-108.595786
1949,CO0260000,CO0260000,Gunnison County Sheriff's Office,Gunnison,2,County,,,,,7,CO,281,Gunnison,08051,A,23358,COUCR0001,Colorado Bureau of Investigation Uniform Crime Reporting,CO,1960,,2016,2013,1997,7515,8D,"Non-MSA counties under 10,000",L,N,N,12,12,10,,,,2016,13,18,81230,38.669679,-107.078108
1841,CO0030200,CO0030200,Littleton Police Department,Littleton,1,City,,,1136,Littleton,7,CO,257,Arapahoe,08005,A,23358,COUCR0001,Colorado Bureau of Investigation Uniform Crime Reporting,CO,1960,,2016,2013,2011,45363,4,"Cities from 25,000 thru 49,999",L,Y,N,12,12,10,,,,2016,70,25,80165,39.644632,-104.331733
1983,CO0348000,CO0348000,Southwest Drug Task Force,Southwest Drug Task Force,5,Other,,,,,7,CO,288,La Plata,08067,A,23358,COUCR0001,Colorado Bureau of Investigation Uniform Crime Reporting,CO,2009,,2016,2013,2016,0,7,"Cities under 2,500",L,N,N,12,12,8,,,,2009,6,1,81302,37.287367,-107.839718
2075,CO0580000,CO0580000,Sedgwick County Sheriff's Office,Sedgwick,2,County,,,,,7,CO,313,Sedgwick,08115,A,23358,COUCR0001,Colorado Bureau of Investigation Uniform Crime Reporting,CO,1960,,2016,2013,,2352,8D,"Non-MSA counties under 10,000",L,N,N,4,5,7,,,,2016,6,1,80737,40.871568,-102.355358
2041,CO0480100,CO0480100,Holyoke Police Department,Holyoke,1,City,,,1113,Holyoke,7,CO,303,Phillips,08095,A,23358,COUCR0001,Colorado Bureau of Investigation Uniform Crime Reporting,CO,1985,,2016,2013,2014,2249,7,"Cities under 2,500",L,N,N,12,12,8,,,,2016,3,0,80734,40.594712,-102.345105
1844,CO0030500,CO0030500,Cherry Hills Village Police Department,Cherry Hills Village,1,City,,,1081,Englewood,7,CO,257,Arapahoe,08005,A,23358,COUCR0001,Colorado Bureau of Investigation Uniform Crime Reporting,CO,1967,,2016,2013,2012,6530,6,"Cities from 2,500 thru 9,999",L,Y,N,12,12,10,,,,2016,23,5,80113,39.644632,-104.331733
2055,CO0520100,CO0520100,Meeker Police Department,Meeker,1,City,,,1147,Meeker,7,CO,307,Rio Blanco,08103,A,23358,COUCR0001,Colorado Bureau of Investigation Uniform Crime Reporting,CO,1964,,2016,2013,2011,2423,7,"Cities under 2,500",L,N,N,12,12,10,,,,2016,6,0,81641,39.972606,-108.200685
2056,CO0520200,CO0520200,Rangely Police Department,Rangely,1,City,,,1176,Rangely,7,CO,307,Rio Blanco,08103,A,23358,COUCR0001,Colorado Bureau of Investigation Uniform Crime Reporting,CO,1981,,2016,2013,1997,2439,7,"Cities under 2,500",L,N,N,12,12,10,,,,2016,5,5,81648,39.972606,-108.200685
1831,CO0010500,CO0010500,Westminster Police Department,Westminster,1,City,,,1206,Westminster,7,CO,255,Adams,08001,A,23358,COUCR0001,Colorado Bureau of Investigation Uniform Crime Reporting,CO,1960,,2016,2013,2003,113547,2,"Cities from 100,000 thru 249,000",L,N,N,12,12,10,,,,2016,174,73,80031,39.874325,-104.331872
1890,CO0140000,CO0140000,Custer County Sheriff's Office,Custer,2,County,,,,,7,CO,269,Custer,08027,A,23358,COUCR0001,Colorado Bureau of Investigation Uniform Crime Reporting,CO,1960,,2016,2013,2011,4399,8D,"Non-MSA counties under 10,000",L,N,N,12,12,9,,,,2016,10,13,81252,38.101994,-105.373515
1981,CO0340400,CO0340400,Bayfield Police Department,Bayfield,1,City,,,1037,Bayfield,7,CO,288,La Plata,08067,A,23358,COUCR0001,Colorado Bureau of Investigation Uniform Crime Reporting,CO,1978,,2016,,2015,2580,6,"Cities from 2,500 thru 9,999",L,N,N,12,12,7,,,,2016,8,0,81122,37.287367,-107.839718
2027,CO0440400,CO0440400,Log Lane Village Police Department,Log Lane Village,1,City,,,1091,Fort Morgan,7,CO,299,Morgan,08087,A,23358,COUCR0001,Colorado Bureau of Investigation Uniform Crime Reporting,CO,1981,,2016,2013,,873,7,"Cities under 2,500",L,N,N,11,11,3,,,,2016,2,0,80705,40.26254,-103.807497
2092,CO0620200,CO0620200,Greeley Police Department,Greeley,1,City,,,1106,Greeley,7,CO,317,Weld,08123,A,23358,COUCR0001,Colorado Bureau of Investigation Uniform Crime Reporting,CO,1960,,2016,2013,2005,99993,3,"Cities from 50,000 thru 99,000",L,N,Y,12,12,10,,,,2016,145,51,80634,40.555794,-104.383649
1996,CO0370200,CO0370200,Hugo Police Department,Hugo,1,City,,,1117,Hugo,7,CO,292,Lincoln,08073,A,23358,COUCR0001,Colorado Bureau of Investigation Uniform Crime Reporting,CO,1978,,2016,2014,2015,731,7,"Cities under 2,500",L,N,N,12,12,2,,,,2016,2,0,80821,38.99374,-103.507555
1929,CO0220000,CO0220000,Fremont County Sheriff's Office,Fremont,2,County,,,,,7,CO,277,Fremont,08043,A,23358,COUCR0001,Colorado Bureau of Investigation Uniform Crime Reporting,CO,1960,,2016,2013,1997,26423,8B,"Non-MSA counties from 25,000 thru 99,999",L,N,N,12,12,10,,,,2016,52,63,81212,38.455658,-105.421438
1964,CO0300600,CO0300600,Lakeside Police Department,Lakeside,1,City,,,1068,Denver,7,CO,285,Jefferson,08059,A,23358,COUCR0001,Colorado Bureau of Investigation Uniform Crime Reporting,CO,1988,,2016,2013,2012,8,7,"Cities under 2,500",L,Y,N,12,12,10,,,,2016,6,1,80212,39.576572,-105.251249
2012,CO0420000,CO0420000,Montezuma County Sheriff's Office,Montezuma,2,County,,,,,7,CO,297,Montezuma,08083,A,23358,COUCR0001,Colorado Bureau of Investigation Uniform Crime Reporting,CO,1960,,2016,2013,2003,15908,8C,"Non-MSA counties from 10,000 thru 24,999",L,N,N,12,12,10,,,,2016,29,41,81321,37.338025,-108.595786
2064,CO0540300,CO0540300,Oak Creek Police Department,Oak Creek,1,City,,,1161,Oak Creek,7,CO,309,Routt,08107,A,23358,COUCR0001,Colorado Bureau of Investigation Uniform Crime Reporting,CO,1976,,2016,2013,2016,895,7,"Cities under 2,500",L,N,N,12,12,2,,,,2016,3,0,80467,40.483155,-106.985274
1873,CO0080200,CO0080200,Salida Police Department,Salida,1,City,,,1182,Salida,7,CO,263,Chaffee,08015,A,23358,COUCR0001,Colorado Bureau of Investigation Uniform Crime Reporting,CO,1960,,2016,2013,1997,5450,6,"Cities from 2,500 thru 9,999",L,N,N,12,12,10,,,,2016,15,2,81201,38.738244,-106.316955
1937,CO0230500,CO0230500,Silt Police Department,Silt,1,City,,,1186,Silt,7,CO,278,Garfield,08045,A,23358,COUCR0001,Colorado Bureau of Investigation Uniform Crime Reporting,CO,1977,,2016,2013,2004,3030,6,"Cities from 2,500 thru 9,999",L,N,N,12,12,10,,,,2016,6,0,81652,39.599352,-107.90978
2111,CO0630100,CO0630100,Wray Police Department,Wray,1,City,,,1212,Wray,7,CO,318,Yuma,08125,A,23358,COUCR0001,Colorado Bureau of Investigation Uniform Crime Reporting,CO,1978,,2016,2013,2011,2412,7,"Cities under 2,500",L,N,N,12,12,9,,,,2016,6,1,80758,40.000631,-102.422649
2034,CO0460000,CO0460000,Ouray County Sheriff's Office,Ouray,2,County,,,,,7,CO,301,Ouray,08091,A,23358,COUCR0001,Colorado Bureau of Investigation Uniform Crime Reporting,CO,1960,,2016,2013,,2705,8D,"Non-MSA counties under 10,000",L,N,N,3,5,8,,,,2016,7,0,81427,38.1506,-107.767133
1987,CO0350300,CO0350300,Fort Collins Police Department,Fort Collins,1,City,,,1089,Fort Collins,7,CO,290,Larimer,08069,A,23358,COUCR0001,Colorado Bureau of Investigation Uniform Crime Reporting,CO,1960,,2016,2013,2006,159629,2,"Cities from 100,000 thru 249,000",L,N,Y,12,12,10,,,,2016,206,86,80521,40.663091,-105.482131
2013,CO0420100,CO0420100,Cortez Police Department,Cortez,1,City,,,1059,Cortez,7,CO,297,Montezuma,08083,A,23358,COUCR0001,Colorado Bureau of Investigation Uniform Crime Reporting,CO,1960,,2016,2013,1997,8631,6,"Cities from 2,500 thru 9,999",L,N,N,12,12,10,,,,2016,29,20,81321,37.338025,-108.595786
1994,CO0370000,CO0370000,Lincoln County Sheriff's Office,Lincoln,2,County,,,,,7,CO,292,Lincoln,08073,A,23358,COUCR0001,Colorado Bureau of Investigation Uniform Crime Reporting,CO,1960,,2016,2013,2009,2921,8D,"Non-MSA counties under 10,000",L,N,N,12,12,8,,,,2016,21,1,80821,38.99374,-103.507555
25267,CO0418000,CO0418000,All Crimes Enforcement Team,All Crimes Enforcement Team,5,Other,,,12089,Viola,7,CO,296,Moffat,08081,A,23358,COUCR0001,Colorado Bureau of Investigation Uniform Crime Reporting,CO,2013,,2016,2013,2016,0,7,"Cities under 2,500",L,N,N,12,12,4,,,,2016,3,0,     ,40.573984,-108.204521
1839,CO0030000,CO0030000,Arapahoe County Sheriff's Office,Arapahoe,2,County,,,,,7,CO,257,Arapahoe,08005,A,23358,COUCR0001,Colorado Bureau of Investigation Uniform Crime Reporting,CO,1960,,2016,2013,1997,97185,9B,"MSA counties from 25,000 thru 99,999",L,Y,N,12,12,10,,,,2016,226,289,80112,39.644632,-104.331733
1892,CO0150000,CO0150000,Delta County Sheriff's Office,Delta,2,County,,,,,7,CO,270,Delta,08029,A,23358,COUCR0001,Colorado Bureau of Investigation Uniform Crime Reporting,CO,1960,,2016,2013,2012,16576,8C,"Non-MSA counties from 10,000 thru 24,999",L,N,N,12,12,10,,,,2016,34,31,81416,38.861756,-107.864757
23240,CO0570300,CO0570300,Mountain Village Police Department,Mountain Village,1,City,,,1154,Mounatain Village,7,CO,312,San Miguel,08113,A,23358,COUCR0001,Colorado Bureau of Investigation Uniform Crime Reporting,CO,2013,,2016,2013,2016,1406,7,"Cities under 2,500",L,N,N,12,12,2,,,,2016,6,3,81435,38.009374,-108.427326
1919,CO0210000,CO0210000,El Paso County Sheriff's Office,El Paso,2,County,,,,,7,CO,275,El Paso,08041,A,23358,COUCR0001,Colorado Bureau of Investigation Uniform Crime Reporting,CO,1960,,2016,2013,2004,179105,9A,"MSA counties 100,000 or over",L,Y,N,12,12,10,,,,2016,506,289,80903,38.827383,-104.527472
2070,CO0560000,CO0560000,San Juan County Sheriff's Office,San Juan,2,County,,,,,7,CO,311,San Juan,08111,A,23358,COUCR0001,Colorado Bureau of Investigation Uniform Crime Reporting,CO,1960,,2016,2013,2016,726,8D,"Non-MSA counties under 10,000",L,N,N,12,12,8,,,,2016,3,0,81433,37.781074,-107.670257
1935,CO0230300,CO0230300,Rifle Police Department,Rifle,1,City,,,1178,Rifle,7,CO,278,Garfield,08045,A,23358,COUCR0001,Colorado Bureau of Investigation Uniform Crime Reporting,CO,1967,,2016,2013,2013,9532,6,"Cities from 2,500 thru 9,999",L,N,N,12,12,7,,,,2016,20,4,81650,39.599352,-107.90978
1995,CO0370100,CO0370100,Limon Police Department,Limon,1,City,,,1135,Limon,7,CO,292,Lincoln,08073,A,23358,COUCR0001,Colorado Bureau of Investigation Uniform Crime Reporting,CO,1977,,2016,2013,1997,1888,7,"Cities under 2,500",L,N,N,12,12,10,,,,2016,5,1,80828,38.99374,-103.507555
2051,CO0510100,CO0510100,Pueblo Police Department,Pueblo,1,City,,,1175,Pueblo,7,CO,306,Pueblo,08101,A,23358,COUCR0001,Colorado Bureau of Investigation Uniform Crime Reporting,CO,1960,,2016,2013,2009,108810,2,"Cities from 100,000 thru 249,000",L,N,Y,12,12,10,,,,2016,195,55,81003,38.170658,-104.489892
1835,CO0011100,CO0011100,University of Colorado: Denver,University of Colorado: Denver,3,University or College,,724,,,7,CO,255,Adams,08001,A,23358,COUCR0001,Colorado Bureau of Investigation Uniform Crime Reporting,CO,2002,,2016,2013,,0,7,"Cities under 2,500",L,Y,N,12,12,10,,,,2016,25,37,80045,39.644632,-104.331733
1932,CO0230000,CO0230000,Garfield County Sheriff's Office,Garfield,2,County,,,,,7,CO,278,Garfield,08045,A,23358,COUCR0001,Colorado Bureau of Investigation Uniform Crime Reporting,CO,1960,,2016,2013,2012,23188,8C,"Non-MSA counties from 10,000 thru 24,999",L,N,N,12,12,6,,,,2016,53,83,81601,39.599352,-107.90978
1837,CO0020100,CO0020100,Alamosa Police Department,Alamosa,1,City,,,1028,Alamosa,7,CO,256,Alamosa,08003,A,23358,COUCR0001,Colorado Bureau of Investigation Uniform Crime Reporting,CO,1960,,2016,2014,,9598,6,"Cities from 2,500 thru 9,999",L,N,N,4,5,5,,,,2016,23,4,81101,37.568442,-105.788041
2046,CO0500000,CO0500000,Prowers County Sheriff's Office,Prowers,2,County,,,,,7,CO,305,Prowers,08099,A,23358,COUCR0001,Colorado Bureau of Investigation Uniform Crime Reporting,CO,1960,,2016,2013,1997,4424,8D,"Non-MSA counties under 10,000",L,N,N,12,12,10,,,,2016,10,20,81052,37.958181,-102.392161
2093,CO0620300,CO0620300,Eaton Police Department,Eaton,1,City,,,1077,Eaton,7,CO,317,Weld,08123,A,23358,COUCR0001,Colorado Bureau of Investigation Uniform Crime Reporting,CO,1976,,2016,2013,2011,4929,6,"Cities from 2,500 thru 9,999",L,Y,N,12,12,9,,,,2016,8,2,80615,40.555794,-104.383649
2058,CO0530100,CO0530100,Monte Vista Police Department,Monte Vista,1,City,,,1150,Monte Vista,7,CO,308,Rio Grande,08105,A,23358,COUCR0001,Colorado Bureau of Investigation Uniform Crime Reporting,CO,1960,,2016,2013,1997,4275,6,"Cities from 2,500 thru 9,999",L,N,N,12,12,10,,,,2016,14,3,81144,37.485763,-106.453214
1961,CO0300300,CO0300300,Edgewater Police Department,Edgewater,1,City,,,1078,Edgewater,7,CO,285,Jefferson,08059,A,23358,COUCR0001,Colorado Bureau of Investigation Uniform Crime Reporting,CO,1960,,2016,2013,2015,5321,6,"Cities from 2,500 thru 9,999",L,Y,N,12,12,8,,,,2016,17,1,80214,39.576572,-105.251249
1826,CO0010000,CO0010000,Adams County Sheriff's Office,Adams,2,County,,,,,7,CO,255,Adams,08001,A,23358,COUCR0001,Colorado Bureau of Investigation Uniform Crime Reporting,CO,1960,,2016,2013,1997,100266,9A,"MSA counties 100,000 or over",L,Y,N,12,12,10,,,,2016,355,185,80601,39.874325,-104.331872
1906,CO0180500,CO0180500,Parker Police Department,Parker,1,City,,,1171,Parker,7,CO,273,Douglas,08035,A,23358,COUCR0001,Colorado Bureau of Investigation Uniform Crime Reporting,CO,1984,,2016,2013,1997,51017,3,"Cities from 50,000 thru 99,000",L,N,N,12,12,10,,,,2016,72,41,80134,39.326435,-104.926199
2033,CO0450400,CO0450400,Fowler Police Department,Fowler,1,City,,,1093,Fowler,7,CO,300,Otero,08089,A,23358,COUCR0001,Colorado Bureau of Investigation Uniform Crime Reporting,CO,1978,,2016,2013,2014,1148,7,"Cities under 2,500",L,N,N,12,12,8,,,,2016,3,0,81039,37.88417,-103.72126
1938,CO0230600,CO0230600,New Castle Police Department,New Castle,1,City,,,1157,New Castle,7,CO,278,Garfield,08045,A,23358,COUCR0001,Colorado Bureau of Investigation Uniform Crime Reporting,CO,1979,,2016,2013,2016,4638,6,"Cities from 2,500 thru 9,999",L,N,N,12,12,8,,,,2016,8,1,81647,39.599352,-107.90978
1991,CO0351000,CO0351000,Timnath Police Department,Timnath,1,City,,,1198,Timnath,7,CO,290,Larimer,08069,A,23358,COUCR0001,Colorado Bureau of Investigation Uniform Crime Reporting,CO,2010,,2016,2013,,2647,6,"Cities from 2,500 thru 9,999",L,Y,N,12,12,7,,,,2016,6,1,80547,40.663091,-105.482131
1977,CO0340000,CO0340000,La Plata County Sheriff's Office,La Plata,2,County,,,,,7,CO,288,La Plata,08067,A,23358,COUCR0001,Colorado Bureau of Investigation Uniform Crime Reporting,CO,1960,,2016,2013,2013,33474,8B,"Non-MSA counties from 25,000 thru 99,999",L,N,N,12,12,7,,,,2016,103,26,81303,37.287367,-107.839718
1934,CO0230200,CO0230200,Parachute Police Department,Parachute,1,City,,,1170,Parachute,7,CO,278,Garfield,08045,A,23358,COUCR0001,Colorado Bureau of Investigation Uniform Crime Reporting,CO,1979,,2016,2013,1997,1103,7,"Cities under 2,500",L,N,N,12,12,10,,,,2016,4,1,81635,39.599352,-107.90978
1918,CO0200300,CO0200300,Kiowa Police Department,Kiowa,1,City,,,1124,Kiowa,7,CO,276,Elbert,08039,A,23358,COUCR0001,Colorado Bureau of Investigation Uniform Crime Reporting,CO,2003,,2016,2013,2012,747,7,"Cities under 2,500",L,Y,N,12,12,10,,,,2016,4,0,80117,39.310582,-104.117729
1865,CO0070300,CO0070300,Lafayette Police Department,Lafayette,1,City,,,1130,Lafayette,7,CO,261,Boulder,08013,A,23358,COUCR0001,Colorado Bureau of Investigation Uniform Crime Reporting,CO,1960,,2016,2013,2012,27761,4,"Cities from 25,000 thru 49,999",L,Y,N,12,12,9,,,,2016,38,10,80026,40.094838,-105.398376
1845,CO0030600,CO0030600,Bow Mar Police Department,Bow Mar,1,City,,,1136,Littleton,7,CO,257,Arapahoe,08005,A,23358,COUCR0001,Colorado Bureau of Investigation Uniform Crime Reporting,CO,1977,,2016,2013,2012,935,7,"Cities under 2,500",L,Y,N,12,12,8,,,,2012,6,0,80123,39.644632,-104.331733
2025,CO0440200,CO0440200,Fort Morgan Police Department,Fort Morgan,1,City,,,1091,Fort Morgan,7,CO,299,Morgan,08087,A,23358,COUCR0001,Colorado Bureau of Investigation Uniform Crime Reporting,CO,1960,,2016,2013,2002,11327,5,"Cities from 10,000 thru 24,999",L,N,N,12,12,10,,,,2016,26,5,80701,40.26254,-103.807497
1962,CO0300400,CO0300400,Lakewood Police Department,Lakewood,1,City,,,1131,Lakewood,7,CO,285,Jefferson,08059,A,23358,COUCR0001,Colorado Bureau of Investigation Uniform Crime Reporting,CO,1970,,2016,2013,1997,151311,2,"Cities from 100,000 thru 249,000",L,N,Y,12,12,10,,,,2016,263,154,80226,39.576572,-105.251249
2095,CO0620500,CO0620500,La Salle Police Department,La Salle,1,City,,,1128,La Salle,7,CO,317,Weld,08123,A,23358,COUCR0001,Colorado Bureau of Investigation Uniform Crime Reporting,CO,1976,,2016,2013,2012,2068,7,"Cities under 2,500",L,Y,N,12,12,10,,,,2016,8,0,80645,40.555794,-104.383649
2023,CO0440000,CO0440000,Morgan County Sheriff's Office,Morgan,2,County,,,,,7,CO,299,Morgan,08087,A,23358,COUCR0001,Colorado Bureau of Investigation Uniform Crime Reporting,CO,1960,,2016,2013,2003,9919,8D,"Non-MSA counties under 10,000",L,N,N,12,12,10,,,,2016,17,34,80701,40.26254,-103.807497
2091,CO0620100,CO0620100,Fort Lupton Police Department,Fort Lupton,1,City,,,1090,Fort Lupton,7,CO,317,Weld,08123,A,23358,COUCR0001,Colorado Bureau of Investigation Uniform Crime Reporting,CO,1976,,2016,2013,2005,7874,6,"Cities from 2,500 thru 9,999",L,Y,N,12,12,10,,,,2016,14,2,80621,40.555794,-104.383649
2045,CO0490200,CO0490200,Snowmass Village Police Department,Snowmass Village,1,City,,,1190,Snowmass Village,7,CO,304,Pitkin,08097,A,23358,COUCR0001,Colorado Bureau of Investigation Uniform Crime Reporting,CO,1981,,2016,2013,2004,2918,6,"Cities from 2,500 thru 9,999",L,N,N,12,12,10,,,,2016,10,3,81615,39.217533,-106.915943
2007,CO0400000,CO0400000,Mineral County Sheriff's Office,Mineral,2,County,,,,,7,CO,295,Mineral,08079,A,23358,COUCR0001,Colorado Bureau of Investigation Uniform Crime Reporting,CO,1960,,2016,2013,,700,8D,"Non-MSA counties under 10,000",L,N,N,9,10,5,,,,2016,4,2,81130,37.651478,-106.9323
1965,CO0300700,CO0300700,Morrison Police Department,Morrison,1,City,,,1153,Morrison,7,CO,285,Jefferson,08059,A,23358,COUCR0001,Colorado Bureau of Investigation Uniform Crime Reporting,CO,1978,,2016,2013,2012,433,7,"Cities under 2,500",L,Y,N,12,12,10,,,,2016,9,1,80465,39.576572,-105.251249
2083,CO0600000,CO0600000,Teller County Sheriff's Office,Teller,2,County,,,,,7,CO,315,Teller,08119,A,23358,COUCR0001,Colorado Bureau of Investigation Uniform Crime Reporting,CO,1960,,2016,2013,1997,15073,9C,"MSA counties from 10,000 thru 24,999",L,Y,N,12,12,10,,,,2016,45,25,80814,38.871994,-105.182552
1908,CO0180700,CO0180700,Lone Tree Police Department,Lone Tree,1,City,,,1137,Lone Tree,7,CO,273,Douglas,08035,A,23358,COUCR0001,Colorado Bureau of Investigation Uniform Crime Reporting,CO,1998,,2016,2013,2006,14184,5,"Cities from 10,000 thru 24,999",L,Y,N,12,12,10,,,,2016,42,7,80124,39.326435,-104.926199
1862,CO0070000,CO0070000,Boulder County Sheriff's Office,Boulder,2,County,,,,,7,CO,261,Boulder,08013,A,23358,COUCR0001,Colorado Bureau of Investigation Uniform Crime Reporting,CO,1960,,2016,,2015,61685,9B,"MSA counties from 25,000 thru 99,999",L,Y,N,12,12,8,,,,2016,211,162,80302,40.094838,-105.398376
2037,CO0470000,CO0470000,Park County Sheriff's Office,Park,2,County,,,,,7,CO,302,Park,08093,A,23358,COUCR0001,Colorado Bureau of Investigation Uniform Crime Reporting,CO,1960,,2016,2013,2012,15747,9C,"MSA counties from 10,000 thru 24,999",L,Y,N,12,12,10,,,,2016,31,25,80440,39.118914,-105.717648
1951,CO0260200,CO0260200,Mount Crested Butte Police Department,Mount Crested Butte,1,City,,,1062,Crested Butte,7,CO,281,Gunnison,08051,A,23358,COUCR0001,Colorado Bureau of Investigation Uniform Crime Reporting,CO,1976,,2016,2013,2004,812,7,"Cities under 2,500",L,N,N,12,12,10,,,,2016,8,1,81225,38.669679,-107.078108
1871,CO0080000,CO0080000,Chaffee County Sheriff's Office,Chaffee,2,County,,,,,7,CO,263,Chaffee,08015,A,23358,COUCR0001,Colorado Bureau of Investigation Uniform Crime Reporting,CO,1960,,2016,2013,1997,10360,8C,"Non-MSA counties from 10,000 thru 24,999",L,N,N,12,12,10,,,,2016,20,34,81201,38.738244,-106.316955
2010,CO0410100,CO0410100,Craig Police Department,Craig,1,City,,,1060,Craig,7,CO,296,Moffat,08081,A,23358,COUCR0001,Colorado Bureau of Investigation Uniform Crime Reporting,CO,1960,,2016,2013,1997,8698,6,"Cities from 2,500 thru 9,999",L,N,N,12,12,10,,,,2016,21,5,81625,40.573984,-108.204521
1829,CO0010300,CO0010300,Commerce City Police Department,Commerce City,1,City,,,1058,Commerce City,7,CO,255,Adams,08001,A,23358,COUCR0001,Colorado Bureau of Investigation Uniform Crime Reporting,CO,1960,,2016,2013,1997,53261,3,"Cities from 50,000 thru 99,000",L,N,N,12,12,10,,,,2016,96,24,80022,39.874325,-104.331872
1976,CO0330100,CO0330100,Leadville Police Department,Leadville,1,City,,,1134,Leadville,7,CO,289,Lake,08065,A,23358,COUCR0001,Colorado Bureau of Investigation Uniform Crime Reporting,CO,1960,,2016,2013,1997,2597,6,"Cities from 2,500 thru 9,999",L,N,N,12,12,10,,,,2016,9,1,80461,39.205341,-106.350079
1858,CO0050300,CO0050300,Campo Police Department,Campo,1,City,,,1048,Campo,7,CO,259,Baca,08009,A,23358,COUCR0001,Colorado Bureau of Investigation Uniform Crime Reporting,CO,2006,,2016,2013,2011,104,7,"Cities under 2,500",L,N,N,12,12,8,,,,2016,2,0,81029,37.306678,-102.537765
1936,CO0230400,CO0230400,Carbondale Police Department,Carbondale,1,City,,,1050,Carbondale,7,CO,278,Garfield,08045,A,23358,COUCR0001,Colorado Bureau of Investigation Uniform Crime Reporting,CO,1971,,2016,2013,2016,6621,6,"Cities from 2,500 thru 9,999",L,N,N,12,12,5,,,,2016,15,2,81623,39.599352,-107.90978
1911,CO0190200,CO0190200,Eagle Police Department,Eagle,1,City,,,1076,Eagle,7,CO,274,Eagle,08037,A,23358,COUCR0001,Colorado Bureau of Investigation Uniform Crime Reporting,CO,1982,,2016,2013,2006,6590,6,"Cities from 2,500 thru 9,999",L,N,N,12,12,10,,,,2016,11,1,81631,39.630638,-106.692944
2080,CO0590300,CO0590300,Silverthorne Police Department,Silverthorne,1,City,,,1187,Silverthorne,7,CO,314,Summit,08117,A,23358,COUCR0001,Colorado Bureau of Investigation Uniform Crime Reporting,CO,1978,,2016,2013,2009,4370,6,"Cities from 2,500 thru 9,999",L,N,N,9,12,9,,,,2016,14,2,80498,39.621023,-106.137555
23192,CO0622900,CO0622900,Aims Community College,Aims Community College,3,University or College,,8,,,7,CO,317,Weld,08123,A,23358,COUCR0001,Colorado Bureau of Investigation Uniform Crime Reporting,CO,2012,,2016,2013,,0,7,"Cities under 2,500",L,Y,N,12,12,5,,,,,,,80632,40.555794,-104.383649
1849,CO0031100,CO0031100,Centennial Police Department,Centennial,1,City,,,1081,Englewood,7,CO,257,Arapahoe,08005,A,23358,COUCR0001,Colorado Bureau of Investigation Uniform Crime Reporting,CO,2002,,2016,2013,,108846,2,"Cities from 100,000 thru 249,000",L,N,N,12,12,10,,,,2016,137,34,80112,39.644632,-104.331733
2068,CO0550100,CO0550100,Center Police Department,Center,1,City,,,1053,Center,7,CO,310,Saguache,08109,A,23358,COUCR0001,Colorado Bureau of Investigation Uniform Crime Reporting,CO,1978,,2016,2013,1997,2188,7,"Cities under 2,500",L,N,N,12,12,10,,,,2016,8,6,81125,38.031651,-106.234666
1893,CO0150100,CO0150100,Delta Police Department,Delta,1,City,,,1067,Delta,7,CO,270,Delta,08029,A,23358,COUCR0001,Colorado Bureau of Investigation Uniform Crime Reporting,CO,1960,,2016,2013,2012,8686,6,"Cities from 2,500 thru 9,999",L,N,N,12,12,10,,,,2016,17,3,81416,38.861756,-107.864757
1950,CO0260100,CO0260100,Gunnison Police Department,Gunnison,1,City,,,1109,Gunnison,7,CO,281,Gunnison,08051,A,23358,COUCR0001,Colorado Bureau of Investigation Uniform Crime Reporting,CO,1960,,2016,2013,2006,5990,6,"Cities from 2,500 thru 9,999",L,N,N,12,12,10,,,,2016,14,16,81230,38.669679,-107.078108
2090,CO0620000,CO0620000,Weld County Sheriff's Office,Weld,2,County,,,,,7,CO,317,Weld,08123,A,23358,COUCR0001,Colorado Bureau of Investigation Uniform Crime Reporting,CO,1960,,2016,2013,2005,47916,9B,"MSA counties from 25,000 thru 99,999",L,Y,N,12,12,10,,,,2016,144,207,80631,40.555794,-104.383649
1984,CO0350000,CO0350000,Larimer County Sheriff's Office,Larimer,2,County,,,,,7,CO,290,Larimer,08069,A,23358,COUCR0001,Colorado Bureau of Investigation Uniform Crime Reporting,CO,1960,,2016,2013,1997,82866,9B,"MSA counties from 25,000 thru 99,999",L,Y,N,12,12,10,,,,2016,245,120,80525,40.663091,-105.482131
1888,CO0130000,CO0130000,Crowley County Sheriff's Office,Crowley,2,County,,,,,7,CO,268,Crowley,08025,A,23358,COUCR0001,Colorado Bureau of Investigation Uniform Crime Reporting,CO,1960,,2016,2013,1997,5267,8D,"Non-MSA counties under 10,000",L,N,N,12,12,10,,,,2016,6,7,81063,38.30618,-103.772736
1894,CO0150200,CO0150200,Paonia Police Department,Paonia,1,City,,,1169,Paonia,7,CO,270,Delta,08029,A,23358,COUCR0001,Colorado Bureau of Investigation Uniform Crime Reporting,CO,1977,,2016,2013,,1402,7,"Cities under 2,500",L,N,N,0,1,2,,,,2016,4,0,81428,38.861756,-107.864757
1876,CO0100000,CO0100000,Clear Creek County Sheriff's Office,Clear Creek,2,County,,,,,7,CO,265,Clear Creek,08019,A,23358,COUCR0001,Colorado Bureau of Investigation Uniform Crime Reporting,CO,1960,,2016,2013,1997,6495,9D,"MSA counties under 10,000",L,Y,N,12,12,10,,,,2016,29,44,80444,39.689403,-105.670791
2072,CO0570000,CO0570000,San Miguel County Sheriff's Office,San Miguel,2,County,,,,,7,CO,312,San Miguel,08113,A,23358,COUCR0001,Colorado Bureau of Investigation Uniform Crime Reporting,CO,1960,,2016,2013,2016,4184,8D,"Non-MSA counties under 10,000",L,N,N,12,12,9,,,,2016,16,20,81435,38.009374,-108.427326
2077,CO0590000,CO0590000,Summit County Sheriff's Office,Summit,2,County,,,,,7,CO,314,Summit,08117,A,23358,COUCR0001,Colorado Bureau of Investigation Uniform Crime Reporting,CO,1960,,2016,2013,2009,15882,8C,"Non-MSA counties from 10,000 thru 24,999",L,N,N,12,12,10,,,,2016,50,9,80424,39.621023,-106.137555
2099,CO0620900,CO0620900,Kersey Police Department,Kersey,1,City,,,1123,Kersey,7,CO,317,Weld,08123,A,23358,COUCR0001,Colorado Bureau of Investigation Uniform Crime Reporting,CO,1976,,2016,2013,2016,1587,7,"Cities under 2,500",L,Y,N,12,12,9,,,,2016,4,0,80644,40.555794,-104.383649
1910,CO0190100,CO0190100,Vail Police Department,Vail,1,City,,,1200,Vail,7,CO,274,Eagle,08037,A,23358,COUCR0001,Colorado Bureau of Investigation Uniform Crime Reporting,CO,1970,,2016,2013,1997,5337,6,"Cities from 2,500 thru 9,999",L,N,N,12,12,10,,,,2016,29,32,81657,39.630638,-106.692944
23212,CO0622400,CO0622400,Hudson Police Department,Hudson,1,City,,,1116,Hudson,7,CO,317,Weld,08123,A,23358,COUCR0001,Colorado Bureau of Investigation Uniform Crime Reporting,CO,2012,,2016,2013,,2628,6,"Cities from 2,500 thru 9,999",L,Y,N,6,6,3,,,,2016,3,0,80642,40.555794,-104.383649
1843,CO0030400,CO0030400,Glendale Police Department,Glendale,1,City,,,1100,Glendale,7,CO,257,Arapahoe,08005,A,23358,COUCR0001,Colorado Bureau of Investigation Uniform Crime Reporting,CO,1969,,2016,2013,1997,5338,6,"Cities from 2,500 thru 9,999",L,Y,N,12,12,10,,,,2016,25,11,80246,39.644632,-104.331733
2062,CO0540100,CO0540100,Steamboat Springs Police Department,Steamboat Springs,1,City,,,1193,Steamboat Springs,7,CO,309,Routt,08107,A,23358,COUCR0001,Colorado Bureau of Investigation Uniform Crime Reporting,CO,1974,,2016,2013,1997,12315,5,"Cities from 10,000 thru 24,999",L,N,N,12,12,10,,,,2016,24,13,80477,40.483155,-106.985274
1945,CO0250100,CO0250100,Granby Police Department,Granby,1,City,,,1104,Granby,7,CO,280,Grand,08049,A,23358,COUCR0001,Colorado Bureau of Investigation Uniform Crime Reporting,CO,1978,,2016,2013,2012,1795,7,"Cities under 2,500",L,N,N,12,12,8,,,,2016,6,1,80446,40.123289,-106.095876
2040,CO0480000,CO0480000,Phillips County Sheriff's Office,Phillips,2,County,,,,,7,CO,303,Phillips,08095,A,23358,COUCR0001,Colorado Bureau of Investigation Uniform Crime Reporting,CO,1960,,2016,2013,2014,1177,8D,"Non-MSA counties under 10,000",L,N,N,12,12,7,,,,2016,4,0,80734,40.594712,-102.345105
23111,CO0622600,CO0622600,Mead Police Department,Mead,1,City,,,1146,Mead,7,CO,317,Weld,08123,A,23358,COUCR0001,Colorado Bureau of Investigation Uniform Crime Reporting,CO,2012,,2016,2013,,4282,6,"Cities from 2,500 thru 9,999",L,Y,N,12,12,5,,,,,,,80542,40.555794,-104.383649
1902,CO0170000,CO0170000,Dolores County Sheriff's Office,Dolores,2,County,,,,,7,CO,272,Dolores,08033,A,23358,COUCR0001,Colorado Bureau of Investigation Uniform Crime Reporting,CO,1960,,2016,2013,1998,1965,8D,"Non-MSA counties under 10,000",L,N,N,12,12,10,,,,2016,5,3,81324,37.747602,-108.530383
1866,CO0070400,CO0070400,Longmont Police Department,Longmont,1,City,,,1138,Longmont,7,CO,261,Boulder,08013,A,23358,COUCR0001,Colorado Bureau of Investigation Uniform Crime Reporting,CO,1960,,2016,2013,2008,91222,3,"Cities from 50,000 thru 99,000",L,N,N,12,12,10,,,,2016,137,67,80501,40.094838,-105.398376
1867,CO0070500,CO0070500,University of Colorado: Boulder,University of Colorado: Boulder,3,University or College,,722,,,7,CO,261,Boulder,08013,A,23358,COUCR0001,Colorado Bureau of Investigation Uniform Crime Reporting,CO,1975,,2016,2013,1997,0,7,"Cities under 2,500",L,Y,N,12,12,10,,,,2016,38,36,80309,40.094838,-105.398376
2061,CO0540000,CO0540000,Routt County Sheriff's Office,Routt,2,County,,,,,7,CO,309,Routt,08107,A,23358,COUCR0001,Colorado Bureau of Investigation Uniform Crime Reporting,CO,1960,,2016,2013,2001,9009,8D,"Non-MSA counties under 10,000",L,N,N,12,12,10,,,,2016,40,9,80477,40.483155,-106.985274
2085,CO0600200,CO0600200,Cripple Creek Police Department,Cripple Creek,1,City,,,1063,Cripple Creek,7,CO,315,Teller,08119,A,23358,COUCR0001,Colorado Bureau of Investigation Uniform Crime Reporting,CO,1984,,2016,2013,1997,1167,7,"Cities under 2,500",L,Y,N,12,12,10,,,,2016,18,8,80813,38.871994,-105.182552
1988,CO0350400,CO0350400,Loveland Police Department,Loveland,1,City,,,1140,Loveland,7,CO,290,Larimer,08069,A,23358,COUCR0001,Colorado Bureau of Investigation Uniform Crime Reporting,CO,1960,,2016,2013,2012,74139,3,"Cities from 50,000 thru 99,000",L,N,N,12,12,10,,,,2016,103,46,80537,40.663091,-105.482131
2001,CO0390100,CO0390100,Grand Junction Police Department,Grand Junction,1,City,,,1105,Grand Junction,7,CO,294,Mesa,08077,A,23358,COUCR0001,Colorado Bureau of Investigation Uniform Crime Reporting,CO,1960,,2016,2013,2002,60508,3,"Cities from 50,000 thru 99,000",L,N,Y,12,12,10,,,,2016,111,86,81501,39.019492,-108.461837
2078,CO0590100,CO0590100,Breckenridge Police Department,Breckenridge,1,City,,,1041,Breckenridge,7,CO,314,Summit,08117,A,23358,COUCR0001,Colorado Bureau of Investigation Uniform Crime Reporting,CO,1973,,2016,2013,2010,4804,6,"Cities from 2,500 thru 9,999",L,N,N,12,12,10,,,,2016,23,8,80424,39.621023,-106.137555
2113,CO0640100,CO0640100,Broomfield Police Department,Broomfield,1,City,,,1043,Broomfield,7,CO,262,Broomfield,08014,A,23358,COUCR0001,Colorado Bureau of Investigation Uniform Crime Reporting,CO,2002,,2016,2013,,63935,3,"Cities from 50,000 thru 99,000",L,N,Y,12,12,10,,,,2016,108,101,80020,39.953382,-105.052125
2082,CO0590500,CO0590500,Blue River Police Department,Blue River,1,City,,,1041,Breckenridge,7,CO,314,Summit,08117,A,23358,COUCR0001,Colorado Bureau of Investigation Uniform Crime Reporting,CO,1995,,2016,2013,,890,7,"Cities under 2,500",L,N,N,11,11,4,,,,2016,1,1,80424,39.621023,-106.137555
1900,CO0160400,CO0160400,University of Colorado: Health Sciences Center,University of Colorado: Health Sciences Center,3,University or College,,725,,,7,CO,271,Denver,08031,A,23358,COUCR0001,Colorado Bureau of Investigation Uniform Crime Reporting,CO,1978,,2016,2013,,0,7,"Cities under 2,500",L,Y,N,0,8,7,,,,2014,5,0,80045,39.76185,-104.880641
1913,CO0190400,CO0190400,Basalt Police Department,Basalt,1,City,,,1036,Basalt,7,CO,274,Eagle,08037,A,23358,COUCR0001,Colorado Bureau of Investigation Uniform Crime Reporting,CO,1978,,2016,2013,2016,3937,6,"Cities from 2,500 thru 9,999",L,N,N,12,12,9,,,,2016,11,1,81621,39.630638,-106.692944
2073,CO0570100,CO0570100,Telluride Police Department,Telluride,1,City,,,1196,Telluride,7,CO,312,San Miguel,08113,A,23358,COUCR0001,Colorado Bureau of Investigation Uniform Crime Reporting,CO,1977,,2016,2013,2016,2405,7,"Cities under 2,500",L,N,N,12,12,9,,,,2016,10,5,81435,38.009374,-108.427326
2024,CO0440100,CO0440100,Brush Police Department,Brush,1,City,,,1044,Brush,7,CO,299,Morgan,08087,A,23358,COUCR0001,Colorado Bureau of Investigation Uniform Crime Reporting,CO,1960,,2016,2013,2016,5465,6,"Cities from 2,500 thru 9,999",L,N,N,12,12,9,,,,2016,11,3,80723,40.26254,-103.807497
1878,CO0100200,CO0100200,Georgetown Police Department,Georgetown,1,City,,,1098,Georgetown,7,CO,265,Clear Creek,08019,A,23358,COUCR0001,Colorado Bureau of Investigation Uniform Crime Reporting,CO,1978,,2016,2013,2016,1039,7,"Cities under 2,500",L,Y,N,12,12,4,,,,2016,3,0,80444,39.689403,-105.670791
1848,CO0030900,CO0030900,Arapahoe Community College,Arapahoe Community College,3,University or College,,22,,,7,CO,257,Arapahoe,08005,A,23358,COUCR0001,Colorado Bureau of Investigation Uniform Crime Reporting,CO,1980,,2016,2013,,0,7,"Cities under 2,500",L,Y,N,11,11,6,,,,2016,8,4,80160,39.644632,-104.331733
1922,CO0210300,CO0210300,Manitou Springs Police Department,Manitou Springs,1,City,,,1144,Manitou Springs,7,CO,275,El Paso,08041,A,23358,COUCR0001,Colorado Bureau of Investigation Uniform Crime Reporting,CO,1960,,2016,2013,1997,5387,6,"Cities from 2,500 thru 9,999",L,Y,N,12,12,10,,,,2016,16,2,80829,38.827383,-104.527472
1953,CO0270000,CO0270000,Hinsdale County Sheriff's Office,Hinsdale,2,County,,,,,7,CO,282,Hinsdale,08053,A,23358,COUCR0001,Colorado Bureau of Investigation Uniform Crime Reporting,CO,1960,,2016,2013,2011,775,8D,"Non-MSA counties under 10,000",L,N,N,12,12,9,,,,2016,4,1,81235,37.811667,-107.383335
1933,CO0230100,CO0230100,Glenwood Springs Police Department,Glenwood Springs,1,City,,,1101,Glenwood Springs,7,CO,278,Garfield,08045,A,23358,COUCR0001,Colorado Bureau of Investigation Uniform Crime Reporting,CO,1960,,2016,2013,1997,9914,6,"Cities from 2,500 thru 9,999",L,N,N,12,12,10,,,,2016,24,7,81601,39.599352,-107.90978
1986,CO0350200,CO0350200,Estes Park Police Department,Estes Park,1,City,,,1083,Estes Park,7,CO,290,Larimer,08069,A,23358,COUCR0001,Colorado Bureau of Investigation Uniform Crime Reporting,CO,1974,,2016,2013,2015,6239,6,"Cities from 2,500 thru 9,999",L,Y,N,12,12,9,,,,2016,19,11,80517,40.663091,-105.482131
2096,CO0620600,CO0620600,Windsor Police Department,Windsor,1,City,,,1209,Windsor,7,CO,317,Weld,08123,A,23358,COUCR0001,Colorado Bureau of Investigation Uniform Crime Reporting,CO,1976,,2016,2013,2012,21736,5,"Cities from 10,000 thru 24,999",L,Y,N,12,12,10,,,,2016,23,4,80550,40.555794,-104.383649
23154,CO0622700,CO0622700,Garden City Police Department,Garden City,1,City,,,1097,Garden City,7,CO,317,Weld,08123,A,23358,COUCR0001,Colorado Bureau of Investigation Uniform Crime Reporting,CO,2012,,2016,2013,2013,267,7,"Cities under 2,500",L,Y,N,12,12,4,,,,,,,80631,40.555794,-104.383649
2110,CO0630000,CO0630000,Yuma County Sheriff's Office,Yuma,2,County,,,,,7,CO,318,Yuma,08125,A,23358,COUCR0001,Colorado Bureau of Investigation Uniform Crime Reporting,CO,1960,,2016,2013,,4246,8D,"Non-MSA counties under 10,000",L,N,N,10,10,5,,,,2016,9,15,80758,40.000631,-102.422649
23205,CO0622800,CO0622800,Severance Police Department,Severance,1,City,,,1185,Severance,7,CO,317,Weld,08123,A,23358,COUCR0001,Colorado Bureau of Investigation Uniform Crime Reporting,CO,2012,,2016,2013,,3611,6,"Cities from 2,500 thru 9,999",L,Y,N,12,12,4,,,,,,,80546,40.555794,-104.383649
1923,CO0210400,CO0210400,University of Colorado: Colorado Springs,University of Colorado: Colorado Springs,3,University or College,,723,,,7,CO,275,El Paso,08041,A,23358,COUCR0001,Colorado Bureau of Investigation Uniform Crime Reporting,CO,1977,,2016,2013,1997,0,7,"Cities under 2,500",L,Y,N,12,12,10,,,,2016,16,14,80933,38.827383,-104.527472
2050,CO0510000,CO0510000,Pueblo County Sheriff's Office,Pueblo,2,County,,,,,7,CO,306,Pueblo,08101,A,23358,COUCR0001,Colorado Bureau of Investigation Uniform Crime Reporting,CO,1960,,2016,2013,2012,54253,9B,"MSA counties from 25,000 thru 99,999",L,Y,N,12,12,10,,,,2016,92,255,81003,38.170658,-104.489892
2112,CO0630200,CO0630200,Yuma Police Department,Yuma,1,City,,,1213,Yuma,7,CO,318,Yuma,08125,A,23358,COUCR0001,Colorado Bureau of Investigation Uniform Crime Reporting,CO,1977,,2016,2013,2001,3629,6,"Cities from 2,500 thru 9,999",L,N,N,12,12,10,,,,2016,7,1,80759,40.000631,-102.422649
1955,CO0280100,CO0280100,Walsenburg Police Department,Walsenburg,1,City,,,1202,Walsenburg,7,CO,283,Huerfano,08055,A,23358,COUCR0001,Colorado Bureau of Investigation Uniform Crime Reporting,CO,1960,,2016,2013,2011,2861,6,"Cities from 2,500 thru 9,999",L,N,N,12,12,7,,,,2016,8,2,81089,37.687815,-104.959928
2084,CO0600100,CO0600100,Woodland Park Police Department,Woodland Park,1,City,,,1211,Woodland Park,7,CO,315,Teller,08119,A,23358,COUCR0001,Colorado Bureau of Investigation Uniform Crime Reporting,CO,1976,,2016,2013,1997,7191,6,"Cities from 2,500 thru 9,999",L,Y,N,12,12,10,,,,2016,19,9,80863,38.871994,-105.182552
1931,CO0220200,CO0220200,Florence Police Department,Florence,1,City,,,1088,Florence,7,CO,277,Fremont,08043,A,23358,COUCR0001,Colorado Bureau of Investigation Uniform Crime Reporting,CO,1960,,2016,2013,1997,3843,6,"Cities from 2,500 thru 9,999",L,N,N,12,12,10,,,,2016,11,1,81226,38.455658,-105.421438
1827,CO0010100,CO0010100,Aurora Police Department,Aurora,1,City,,,1034,Aurora,7,CO,257,Arapahoe,08005,A,23358,COUCR0001,Colorado Bureau of Investigation Uniform Crime Reporting,CO,1960,,2016,2013,1997,360237,1C,"Cities from 250,000 thru 499,999",L,N,Y,12,12,10,,,,2016,670,140,80012,39.644632,-104.331733
2094,CO0620400,CO0620400,Evans Police Department,Evans,1,City,,,1084,Evans,7,CO,317,Weld,08123,A,23358,COUCR0001,Colorado Bureau of Investigation Uniform Crime Reporting,CO,1976,,2016,2013,2012,20955,5,"Cities from 10,000 thru 24,999",L,Y,N,12,12,10,,,,2016,35,3,80620,40.555794,-104.383649
1863,CO0070100,CO0070100,Boulder Police Department,Boulder,1,City,,,1040,Boulder,7,CO,261,Boulder,08013,A,23358,COUCR0001,Colorado Bureau of Investigation Uniform Crime Reporting,CO,1960,,2016,2013,2010,106823,2,"Cities from 100,000 thru 249,000",L,N,Y,12,12,10,,,,2016,176,91,80306,40.094838,-105.398376
2109,CO0622000,CO0622000,Lochbuie Police Department,Lochbuie,1,City,,,1042,Brighton,7,CO,317,Weld,08123,A,23358,COUCR0001,Colorado Bureau of Investigation Uniform Crime Reporting,CO,1982,,2016,2014,2015,5435,6,"Cities from 2,500 thru 9,999",L,Y,N,12,12,2,,,,2016,9,1,80603,40.555794,-104.383649
1960,CO0300200,CO0300200,Golden Police Department,Golden,1,City,,,1102,Golden,7,CO,285,Jefferson,08059,A,23358,COUCR0001,Colorado Bureau of Investigation Uniform Crime Reporting,CO,1960,,2016,2013,1997,20448,5,"Cities from 10,000 thru 24,999",L,Y,N,12,12,10,,,,2016,43,21,80401,39.576572,-105.251249
1880,CO0110000,CO0110000,Conejos County Sheriff's Office,Conejos,2,County,,,,,7,CO,266,Conejos,08021,A,23358,COUCR0001,Colorado Bureau of Investigation Uniform Crime Reporting,CO,1960,,2016,2013,2012,7425,8D,"Non-MSA counties under 10,000",M,N,N,12,12,7,,,,2016,10,20,81129,37.213406,-106.176447
2114,COCBI0000,COCBI0000,Colorado Bureau of Investigation,Colorado Bureau of Investigation,6,Other State Agency,,,,,7,CO,3309,,,A,23358,COUCR0001,Colorado Bureau of Investigation Uniform Crime Reporting,CO,1978,,2016,2013,2012,0,7,"Cities under 2,500",L,N,N,12,12,6,,,,2016,40,207,80215,39.76185,-104.880641
2106,CO0621600,CO0621600,University of Northern Colorado,University of Northern Colorado,3,University or College,,795,,,7,CO,317,Weld,08123,A,23358,COUCR0001,Colorado Bureau of Investigation Uniform Crime Reporting,CO,1979,,2016,2013,2012,0,7,"Cities under 2,500",L,Y,N,12,12,10,,,,2016,16,8,80639,40.555794,-104.383649
2043,CO0490000,CO0490000,Pitkin County Sheriff's Office,Pitkin,2,County,,,,,7,CO,304,Pitkin,08097,A,23358,COUCR0001,Colorado Bureau of Investigation Uniform Crime Reporting,CO,1960,,2016,2013,2010,7085,8D,"Non-MSA counties under 10,000",L,N,N,12,12,10,,,,2016,23,35,81611,39.217533,-106.915943
2000,CO0390000,CO0390000,Mesa County Sheriff's Office,Mesa,2,County,,,,,7,CO,294,Mesa,08077,A,23358,COUCR0001,Colorado Bureau of Investigation Uniform Crime Reporting,CO,1960,,2016,2013,2010,72100,9B,"MSA counties from 25,000 thru 99,999",L,Y,N,12,12,10,,,,2016,98,108,81501,39.019492,-108.461837
1836,CO0020000,CO0020000,Alamosa County Sheriff's Office,Alamosa,2,County,,,,,7,CO,256,Alamosa,08003,A,23358,COUCR0001,Colorado Bureau of Investigation Uniform Crime Reporting,CO,1960,,2016,2013,2016,6709,8D,"Non-MSA counties under 10,000",L,N,N,12,12,9,,,,2016,27,17,81101,37.568442,-105.788041
1874,CO0090000,CO0090000,Cheyenne County Sheriff's Office,Cheyenne,2,County,,,,,7,CO,264,Cheyenne,08017,A,23358,COUCR0001,Colorado Bureau of Investigation Uniform Crime Reporting,CO,1960,,2016,2013,2009,1887,8D,"Non-MSA counties under 10,000",L,N,N,12,12,8,,,,2016,5,4,80810,38.835386,-102.604585
1852,CO0040000,CO0040000,Archuleta County Sheriff's Office,Archuleta,2,County,,,,,7,CO,258,Archuleta,08007,A,23358,COUCR0001,Colorado Bureau of Investigation Uniform Crime Reporting,CO,1960,,2016,2013,2015,10585,8C,"Non-MSA counties from 10,000 thru 24,999",L,N,N,12,12,8,,,,2016,14,19,81147,37.202395,-107.050863
1997,CO0380000,CO0380000,Logan County Sheriff's Office,Logan,2,County,,,,,7,CO,293,Logan,08075,A,23358,COUCR0001,Colorado Bureau of Investigation Uniform Crime Reporting,CO,1960,,2016,2013,2000,7968,8D,"Non-MSA counties under 10,000",L,N,N,12,12,10,,,,2016,19,33,80751,40.728091,-103.090464
1993,CO0360100,CO0360100,Trinidad Police Department,Trinidad,1,City,,,1199,Trinidad,7,CO,291,Las Animas,08071,A,23358,COUCR0001,Colorado Bureau of Investigation Uniform Crime Reporting,CO,1960,,2016,2013,2012,7995,6,"Cities from 2,500 thru 9,999",L,N,N,12,12,8,,,,2016,22,9,81082,37.318831,-104.04411
1915,CO0200000,CO0200000,Elbert County Sheriff's Office,Elbert,2,County,,,,,7,CO,276,Elbert,08039,A,23358,COUCR0001,Colorado Bureau of Investigation Uniform Crime Reporting,CO,1960,,2016,2013,,21785,9C,"MSA counties from 10,000 thru 24,999",L,Y,N,7,7,5,,,,2016,37,7,80117,39.310582,-104.117729
1834,CO0010800,CO0010800,Federal Heights Police Department,Federal Heights,1,City,,,1068,Denver,7,CO,255,Adams,08001,A,23358,COUCR0001,Colorado Bureau of Investigation Uniform Crime Reporting,CO,1974,,2016,2013,2006,12351,5,"Cities from 10,000 thru 24,999",L,Y,N,12,12,10,,,,2016,24,12,80260,39.874325,-104.331872
2098,CO0620800,CO0620800,Dacono Police Department,Dacono,1,City,,,1064,Dacono,7,CO,317,Weld,08123,A,23358,COUCR0001,Colorado Bureau of Investigation Uniform Crime Reporting,CO,1976,,2016,2013,2003,4640,6,"Cities from 2,500 thru 9,999",L,Y,N,12,12,10,,,,2016,10,3,80514,40.555794,-104.383649
1859,CO0050700,CO0050700,Walsh Police Department,Walsh,1,City,,,1203,Walsh,7,CO,259,Baca,08009,A,23358,COUCR0001,Colorado Bureau of Investigation Uniform Crime Reporting,CO,1997,,2016,2013,,519,7,"Cities under 2,500",L,N,N,11,11,5,,,,2016,1,0,81090,37.306678,-102.537765
1975,CO0330000,CO0330000,Lake County Sheriff's Office,Lake,2,County,,,,,7,CO,289,Lake,08065,A,23358,COUCR0001,Colorado Bureau of Investigation Uniform Crime Reporting,CO,1960,,2016,2013,2012,4811,8D,"Non-MSA counties under 10,000",L,N,N,12,12,9,,,,2016,12,15,80461,39.205341,-106.350079
2052,CO0510200,CO0510200,Colorado Mental Health Institute,Colorado Mental Health Institute,6,Other State Agency,,,,,7,CO,306,Pueblo,08101,A,23358,COUCR0001,Colorado Bureau of Investigation Uniform Crime Reporting,CO,1978,,2016,2013,1997,0,7,"Cities under 2,500",L,Y,N,12,12,10,,,,2016,19,84,81003,38.170658,-104.489892
2031,CO0450200,CO0450200,Rocky Ford Police Department,Rocky Ford,1,City,,,1179,Rocky Ford,7,CO,300,Otero,08089,A,23358,COUCR0001,Colorado Bureau of Investigation Uniform Crime Reporting,CO,1960,,2016,2013,,3850,6,"Cities from 2,500 thru 9,999",L,N,N,5,5,9,,,,2016,8,0,81067,37.88417,-103.72126
1832,CO0010600,CO0010600,Northglenn Police Department,Northglenn,1,City,,,1158,Northglenn,7,CO,255,Adams,08001,A,23358,COUCR0001,Colorado Bureau of Investigation Uniform Crime Reporting,CO,1971,,2016,2013,1997,39299,4,"Cities from 25,000 thru 49,999",L,Y,N,12,12,10,,,,2016,60,19,80233,39.874325,-104.331872
2108,CO0621800,CO0621800,Firestone Police Department,Firestone,1,City,,,1086,Firestone,7,CO,317,Weld,08123,A,23358,COUCR0001,Colorado Bureau of Investigation Uniform Crime Reporting,CO,1976,,2016,2013,2012,11880,5,"Cities from 10,000 thru 24,999",L,Y,N,12,12,10,,,,2016,21,5,80520,40.555794,-104.383649
1958,CO0300000,CO0300000,Jefferson County Sheriff's Office,Jefferson,2,County,,,,,7,CO,285,Jefferson,08059,A,23358,COUCR0001,Colorado Bureau of Investigation Uniform Crime Reporting,CO,1960,,2016,2013,1997,197932,9A,"MSA counties 100,000 or over",L,Y,N,12,12,10,,,,2016,531,280,80401,39.576572,-105.251249
2044,CO0490100,CO0490100,Aspen Police Department,Aspen,1,City,,,1032,Aspen,7,CO,304,Pitkin,08097,A,23358,COUCR0001,Colorado Bureau of Investigation Uniform Crime Reporting,CO,1964,,2016,2013,2011,6841,6,"Cities from 2,500 thru 9,999",L,N,N,12,12,10,,,,2016,27,9,81611,39.217533,-106.915943
2009,CO0410000,CO0410000,Moffat County Sheriff's Office,Moffat,2,County,,,,,7,CO,296,Moffat,08081,A,23358,COUCR0001,Colorado Bureau of Investigation Uniform Crime Reporting,CO,1960,,2016,2013,2002,4068,8D,"Non-MSA counties under 10,000",L,N,N,12,12,10,,,,2016,34,3,81625,40.573984,-108.204521
2018,CO0430100,CO0430100,Montrose Police Department,Montrose,1,City,,,1151,Montrose,7,CO,298,Montrose,08085,A,23358,COUCR0001,Colorado Bureau of Investigation Uniform Crime Reporting,CO,1960,,2016,2013,1997,19028,5,"Cities from 10,000 thru 24,999",L,N,N,12,12,10,,,,2016,36,14,81402,38.413427,-108.263042
2054,CO0520000,CO0520000,Rio Blanco County Sheriff's Office,Rio Blanco,2,County,,,,,7,CO,307,Rio Blanco,08103,A,23358,COUCR0001,Colorado Bureau of Investigation Uniform Crime Reporting,CO,1960,,2016,2013,2012,1882,8D,"Non-MSA counties under 10,000",L,N,N,12,12,7,,,,2016,11,16,81641,39.972606,-108.200685
1930,CO0220100,CO0220100,Canon City Police Department,Canon City,1,City,,,1049,Canon City,7,CO,277,Fremont,08043,A,23358,COUCR0001,Colorado Bureau of Investigation Uniform Crime Reporting,CO,1960,,2016,2013,,16314,5,"Cities from 10,000 thru 24,999",L,N,N,1,1,9,,,,2016,32,8,81212,38.455658,-105.421438
2029,CO0450000,CO0450000,Otero County Sheriff's Office,Otero,2,County,,,,,7,CO,300,Otero,08089,A,23358,COUCR0001,Colorado Bureau of Investigation Uniform Crime Reporting,CO,1960,,2016,2013,2015,6107,8D,"Non-MSA counties under 10,000",L,N,N,12,12,6,,,,2016,20,3,81050,37.88417,-103.72126
1868,CO0070600,CO0070600,Louisville Police Department,Louisville,1,City,,,1139,Louisville,7,CO,261,Boulder,08013,A,23358,COUCR0001,Colorado Bureau of Investigation Uniform Crime Reporting,CO,1976,,2016,2013,2013,20556,5,"Cities from 10,000 thru 24,999",L,Y,N,12,12,9,,,,2016,32,6,80027,40.094838,-105.398376
1828,CO0010200,CO0010200,Brighton Police Department,Brighton,1,City,,,1042,Brighton,7,CO,255,Adams,08001,A,23358,COUCR0001,Colorado Bureau of Investigation Uniform Crime Reporting,CO,1960,,2016,2013,2005,37511,4,"Cities from 25,000 thru 49,999",L,Y,N,12,12,10,,,,2016,63,25,80601,39.874325,-104.331872
1904,CO0180000,CO0180000,Douglas County Sheriff's Office,Douglas,2,County,,,,,7,CO,273,Douglas,08035,A,23358,COUCR0001,Colorado Bureau of Investigation Uniform Crime Reporting,CO,1960,,2016,2013,2012,199939,9A,"MSA counties 100,000 or over",L,Y,N,12,12,10,,,,2016,309,161,80109,39.326435,-104.926199
1842,CO0030300,CO0030300,Sheridan Police Department,Sheridan,1,City,,,1081,Englewood,7,CO,257,Arapahoe,08005,A,23358,COUCR0001,Colorado Bureau of Investigation Uniform Crime Reporting,CO,1960,,2016,2013,1999,6018,6,"Cities from 2,500 thru 9,999",L,Y,N,12,12,10,,,,2016,31,3,80110,39.644632,-104.331733
1963,CO0300500,CO0300500,Wheat Ridge Police Department,Wheat Ridge,1,City,,,1207,Wheat Ridge,7,CO,285,Jefferson,08059,A,23358,COUCR0001,Colorado Bureau of Investigation Uniform Crime Reporting,CO,1971,,2016,2013,2005,31241,4,"Cities from 25,000 thru 49,999",L,Y,N,12,12,10,,,,2016,75,27,80033,39.576572,-105.251249
