agency_id,ori,legacy_ori,agency_name,short_name,agency_type_id,agency_type_name,tribe_id,campus_id,city_id,city_name,state_id,state_abbr,primary_county_id,primary_county,primary_county_fips,agency_status,submitting_agency_id,submitting_sai,submitting_name,submitting_state_abbr,start_year,dormant_year,current_year,revised_rape_start,current_nibrs_start_year,population,population_group_code,population_group_desc,population_source_flag,suburban_area_flag,core_city_flag,months_reported,nibrs_months_reported,past_10_years_reported,covered_by_id,covered_by_ori,covered_by_name,staffing_year,total_officers,total_civilians,icpsr_zip,icpsr_lat,icpsr_lng
842,AZ0071100,AZ0071100,Gilbert Police Department,Gilbert,1,City,,,592,Gilbert,5,AZ,189,Maricopa,04013,A,23356,AZUCR0001,Arizona Department of Public Safety Uniform Crime Reporting Program Access Integrity Unit,AZ,1975,,2016,2013,2009,247324,2,"Cities from 100,000 thru 249,000",L,N,N,12,12,10,,,,2016,227,114,85296,33.346541,-112.495534
895,AZ0111300,AZ0111300,Apache Junction Police Department,Apache Junction,1,City,,,568,Apache Junction,5,AZ,193,Pinal,04021,A,23356,AZUCR0001,Arizona Department of Public Safety Uniform Crime Reporting Program Access Integrity Unit,AZ,1980,,2016,2013,2005,38519,4,"Cities from 25,000 thru 49,999",L,Y,N,12,12,10,,,,2016,57,30,85219,32.919038,-111.367005
917,AZ0140900,AZ0140900,Wellton Police Department,Wellton,1,City,,,641,Wellton,5,AZ,196,Yuma,04027,A,23356,AZUCR0001,Arizona Department of Public Safety Uniform Crime Reporting Program Access Integrity Unit,AZ,1993,,2016,,2016,2973,6,"Cities from 2,500 thru 9,999",L,Y,N,12,12,8,,,,2016,6,1,85356,32.773942,-113.910905
912,AZ0140000,AZ0140000,Yuma County Sheriff's Office,Yuma,2,County,,,,,5,AZ,196,Yuma,04027,A,23356,AZUCR0001,Arizona Department of Public Safety Uniform Crime Reporting Program Access Integrity Unit,AZ,1960,,2016,2013,2007,61469,9B,"MSA counties from 25,000 thru 99,999",L,Y,N,12,12,10,,,,2016,72,238,85364,32.773942,-113.910905
914,AZ0140500,AZ0140500,Yuma Police Department,Yuma,1,City,,,648,Yuma,5,AZ,196,Yuma,04027,A,23356,AZUCR0001,Arizona Department of Public Safety Uniform Crime Reporting Program Access Integrity Unit,AZ,1960,,2016,2013,2013,93923,3,"Cities from 50,000 thru 99,000",L,N,Y,12,12,10,,,,2016,170,88,85364,32.773942,-113.910905
