year,state_name,state_abbr,agency_id,agency_ori,agency_name,agency_population,population_group_code,population_group,reported,months_reported,nibrs_reported,nibrs_months_reported,covered,participated,nibrs_participated
2016,Washington,WA,20650,WA0140100,Aberdeen,16100,5,"Cities from 10,000 thru 24,999",1,12,1,12,0,1,1
2016,Washington,WA,20593,WA0010000,Adams,9899,8D,"Non-MSA counties under 10,000",1,12,1,12,0,1,1
2016,Washington,WA,20815,WA0320600,Airway Heights,6652,6,"Cities from 2,500 thru 9,999",1,12,1,12,0,1,1
2016,Washington,WA,20851,WA0380200,Albion,573,7,"Cities under 2,500",0,0,0,0,1,1,1
2016,Washington,WA,20678,WA0171400,Algona,3158,6,"Cities from 2,500 thru 9,999",1,12,1,12,0,1,1
2016,Washington,WA,20784,WA0290100,Anacortes,16351,5,"Cities from 10,000 thru 24,999",1,12,1,12,0,1,1
2016,Washington,WA,20793,WA0310100,Arlington,19018,5,"Cities from 10,000 thru 24,999",1,12,1,12,0,1,1
2016,Washington,WA,20596,WA0020000,Asotin,13709,9C,"MSA counties from 10,000 thru 24,999",1,12,1,12,0,1,1
2016,Washington,WA,20598,WA0020200,Asotin,1299,7,"Cities under 2,500",1,12,1,12,0,1,1
2016,Washington,WA,20666,WA0170100,Auburn,77914,3,"Cities from 50,000 thru 99,000",1,12,1,12,0,1,1
2016,Washington,WA,20709,WA0180700,Bainbridge Island,23351,5,"Cities from 10,000 thru 24,999",1,12,1,12,0,1,1
2016,Washington,WA,20614,WA0060100,Battle Ground,19239,5,"Cities from 10,000 thru 24,999",1,12,1,12,0,1,1
2016,Washington,WA,20667,WA0170200,Bellevue,138532,2,"Cities from 100,000 thru 249,000",1,12,1,12,0,1,1
2016,Washington,WA,20841,WA0370100,Bellingham,83976,3,"Cities from 50,000 thru 99,000",1,12,1,12,0,1,1
2016,Washington,WA,20599,WA0030000,Benton,37803,9B,"MSA counties from 25,000 thru 99,999",1,12,1,12,0,1,1
2016,Washington,WA,20603,WA0030400,Benton City,3226,6,"Cities from 2,500 thru 9,999",0,0,0,0,1,1,1
2016,Washington,WA,20718,WA0200200,Bingen,721,7,"Cities under 2,500",1,12,1,12,0,1,1
2016,Washington,WA,20679,WA0171500,Black Diamond,4383,6,"Cities from 2,500 thru 9,999",1,12,1,12,0,1,1
2016,Washington,WA,20842,WA0370200,Blaine,5048,6,"Cities from 2,500 thru 9,999",1,12,1,12,0,1,1
2016,Washington,WA,20773,WA0271400,Bonney Lake,19180,5,"Cities from 10,000 thru 24,999",1,12,1,12,0,1,1
2016,Washington,WA,20668,WA0170300,Bothell,37346,4,"Cities from 25,000 thru 49,999",1,12,1,12,0,1,1
2016,Washington,WA,20705,WA0180100,Bremerton,38755,4,"Cities from 25,000 thru 49,999",1,12,1,12,0,1,1
2016,Washington,WA,20741,WA0240100,Brewster,2349,7,"Cities under 2,500",1,12,1,12,0,1,1
2016,Washington,WA,20800,WA0310800,Brier,6521,6,"Cities from 2,500 thru 9,999",1,12,1,12,0,1,1
2016,Washington,WA,20766,WA0270400,Buckley,5051,6,"Cities from 2,500 thru 9,999",1,12,1,12,0,1,1
2016,Washington,WA,20697,WA0174100,Burien,50701,3,"Cities from 50,000 thru 99,000",1,12,0,0,0,1,0
2016,Washington,WA,20787,WA0290400,Burlington,8610,6,"Cities from 2,500 thru 9,999",1,12,1,12,0,1,1
2016,Washington,WA,20615,WA0060200,Camas,21674,5,"Cities from 10,000 thru 24,999",1,12,1,12,0,1,1
2016,Washington,WA,20680,WA0171600,Carnation,1869,7,"Cities under 2,500",1,12,0,0,0,1,0
2016,Washington,WA,20626,WA0080300,Castle Rock,2145,7,"Cities under 2,500",1,12,1,12,0,1,1
2016,Washington,WA,20721,WA0210100,Centralia,16632,5,"Cities from 10,000 thru 24,999",1,12,1,12,0,1,1
2016,Washington,WA,20715,WA0190800,Central Washington University,0,7,"Cities under 2,500",1,12,1,12,0,1,1
2016,Washington,WA,20722,WA0210200,Chehalis,7261,6,"Cities from 2,500 thru 9,999",1,12,1,12,0,1,1
2016,Washington,WA,20896,WADI06700,Chehalis Tribal,0,7,"Cities under 2,500",0,9,0,0,0,0,0
2016,Washington,WA,20605,WA0040000,Chelan,41807,9B,"MSA counties from 25,000 thru 99,999",1,12,1,12,0,1,1
2016,Washington,WA,20606,WA0040200,Chelan,4000,6,"Cities from 2,500 thru 9,999",0,0,0,0,1,1,1
2016,Washington,WA,20811,WA0320100,Cheney,11601,5,"Cities from 10,000 thru 24,999",1,12,1,12,0,1,1
2016,Washington,WA,20820,WA0330100,Chewelah,2601,6,"Cities from 2,500 thru 9,999",1,12,1,12,0,1,1
2016,Washington,WA,20608,WA0050000,Clallam,43449,8B,"Non-MSA counties from 25,000 thru 99,999",1,12,1,12,0,1,1
2016,Washington,WA,20613,WA0060000,Clark,221967,9A,"MSA counties 100,000 or over",1,12,1,12,0,1,1
2016,Washington,WA,20597,WA0020100,Clarkston,7387,6,"Cities from 2,500 thru 9,999",1,12,1,12,0,1,1
2016,Washington,WA,20712,WA0190200,Cle Elum,2783,6,"Cities from 2,500 thru 9,999",1,12,1,12,0,1,1
2016,Washington,WA,20688,WA0172500,Clyde Hill,3251,6,"Cities from 2,500 thru 9,999",1,12,1,12,0,1,1
2016,Washington,WA,20850,WA0380100,Colfax,2835,6,"Cities from 2,500 thru 9,999",0,7,0,7,0,0,0
2016,Washington,WA,20838,WA0360200,College Place,9046,6,"Cities from 2,500 thru 9,999",1,12,1,12,0,1,1
2016,Washington,WA,20855,WA0380600,Colton,434,7,"Cities under 2,500",0,0,0,0,0,0,0
2016,Washington,WA,20621,WA0070000,Columbia,3968,9D,"MSA counties under 10,000",1,12,1,12,0,1,1
2016,Washington,WA,20821,WA0330200,Colville,4714,6,"Cities from 2,500 thru 9,999",1,12,1,12,0,1,1
2016,Washington,WA,20752,WA0241400,Colville Tribal,0,7,"Cities under 2,500",0,0,0,0,1,0,0
2016,Washington,WA,20887,WADI05700,Colville Tribal,0,7,"Cities under 2,500",0,8,0,0,0,0,0
2016,Washington,WA,20751,WA0241200,Conconully,213,7,"Cities under 2,500",0,0,0,0,1,1,1
2016,Washington,WA,20635,WA0110100,Connell,5746,6,"Cities from 2,500 thru 9,999",1,12,1,12,0,1,1
2016,Washington,WA,20655,WA0140600,Cosmopolis,1575,7,"Cities under 2,500",1,12,1,12,0,1,1
2016,Washington,WA,20644,WA0130500,Coulee City,578,7,"Cities under 2,500",0,0,0,0,1,1,1
2016,Washington,WA,20747,WA0240700,Coulee Dam,1089,7,"Cities under 2,500",1,12,1,12,0,1,1
2016,Washington,WA,20661,WA0150200,Coupeville,1866,7,"Cities under 2,500",0,11,0,11,0,0,0
2016,Washington,WA,20701,WA0174800,Covington,19532,5,"Cities from 10,000 thru 24,999",1,12,0,0,0,1,0
2016,Washington,WA,20623,WA0080000,Cowlitz,44127,9B,"MSA counties from 25,000 thru 99,999",1,12,1,12,0,1,1
2016,Washington,WA,20733,WA0220400,Creston,213,7,"Cities under 2,500",0,0,0,0,1,1,1
2016,Washington,WA,20761,WA0260500,Cusick,204,7,"Cities under 2,500",0,0,0,0,1,1,1
2016,Washington,WA,20801,WA0310900,Darrington,1375,7,"Cities under 2,500",1,12,1,12,0,1,1
2016,Washington,WA,20731,WA0220100,Davenport,1649,7,"Cities under 2,500",0,0,0,0,1,1,1
2016,Washington,WA,20622,WA0070100,Dayton,2439,7,"Cities under 2,500",0,0,0,0,1,1,1
2016,Washington,WA,20812,WA0320200,Deer Park,3917,6,"Cities from 2,500 thru 9,999",0,0,0,0,1,1,0
2016,Washington,WA,20681,WA0171700,Des Moines,31335,4,"Cities from 25,000 thru 49,999",1,12,1,12,0,1,1
2016,Washington,WA,20629,WA0090000,Douglas,26506,9B,"MSA counties from 25,000 thru 99,999",1,12,1,12,0,1,1
2016,Washington,WA,20774,WA0271600,Dupont,9597,6,"Cities from 2,500 thru 9,999",1,12,1,12,0,1,1
2016,Washington,WA,20682,WA0171800,Duvall,7882,6,"Cities from 2,500 thru 9,999",1,12,1,12,0,1,1
2016,Washington,WA,20816,WA0320900,Eastern Washington University,0,7,"Cities under 2,500",1,12,1,12,0,1,1
2016,Washington,WA,20630,WA0090200,East Wenatchee,13575,5,"Cities from 10,000 thru 24,999",1,12,1,12,0,1,1
2016,Washington,WA,20767,WA0270500,Eatonville,2893,6,"Cities from 2,500 thru 9,999",1,12,1,12,0,1,1
2016,Washington,WA,20781,WA0272500,Edgewood,9844,6,"Cities from 2,500 thru 9,999",1,12,1,12,0,1,1
2016,Washington,WA,20794,WA0310200,Edmonds,41187,4,"Cities from 25,000 thru 49,999",1,12,1,12,0,1,1
2016,Washington,WA,20711,WA0190100,Ellensburg,18899,5,"Cities from 10,000 thru 24,999",1,12,1,12,0,1,1
2016,Washington,WA,20651,WA0140200,Elma,2997,6,"Cities from 2,500 thru 9,999",1,12,1,12,0,1,1
2016,Washington,WA,20748,WA0240800,Elmer City,239,7,"Cities under 2,500",0,0,0,0,1,1,1
2016,Washington,WA,20669,WA0170400,Enumclaw,11657,5,"Cities from 10,000 thru 24,999",1,12,1,12,0,1,1
2016,Washington,WA,20640,WA0130100,Ephrata,8114,6,"Cities from 2,500 thru 9,999",1,12,1,12,0,1,1
2016,Washington,WA,20795,WA0310300,Everett,107633,2,"Cities from 100,000 thru 249,000",1,12,1,12,0,1,1
2016,Washington,WA,20833,WA0341900,Evergreen State College,0,7,"Cities under 2,500",1,12,1,12,0,1,1
2016,Washington,WA,20843,WA0370300,Everson,4050,6,"Cities from 2,500 thru 9,999",1,12,1,12,0,1,1
2016,Washington,WA,20694,WA0173600,Federal Way,94424,3,"Cities from 50,000 thru 99,000",1,12,1,12,0,1,1
2016,Washington,WA,20844,WA0370400,Ferndale,13029,5,"Cities from 10,000 thru 24,999",1,12,1,12,0,1,1
2016,Washington,WA,20632,WA0100000,Ferry,6639,8D,"Non-MSA counties under 10,000",1,12,1,12,0,1,1
2016,Washington,WA,20768,WA0270700,Fife,9642,6,"Cities from 2,500 thru 9,999",1,12,1,12,0,1,1
2016,Washington,WA,20775,WA0271700,Fircrest,6701,6,"Cities from 2,500 thru 9,999",1,12,1,12,0,1,1
2016,Washington,WA,20610,WA0050200,Forks,3759,6,"Cities from 2,500 thru 9,999",0,10,0,10,0,0,0
2016,Washington,WA,20634,WA0110000,Franklin,14260,9C,"MSA counties from 10,000 thru 24,999",1,12,1,12,0,1,1
2016,Washington,WA,20856,WA0380700,Garfield,598,7,"Cities under 2,500",0,3,0,3,0,0,0
2016,Washington,WA,20637,WA0120000,Garfield,2211,8D,"Non-MSA counties under 10,000",1,12,1,12,0,1,1
2016,Washington,WA,20776,WA0271800,Gig Harbor,8724,6,"Cities from 2,500 thru 9,999",1,12,1,12,0,1,1
2016,Washington,WA,25838,WA0311000,Gold Bar,2108,7,"Cities under 2,500",1,12,1,12,0,1,1
2016,Washington,WA,20717,WA0200100,Goldendale,3433,6,"Cities from 2,500 thru 9,999",1,12,1,12,0,1,1
2016,Washington,WA,20645,WA0130700,Grand Coulee,1056,7,"Cities under 2,500",1,12,1,12,0,1,1
2016,Washington,WA,20864,WA0390100,Grandview,11201,5,"Cities from 10,000 thru 24,999",1,12,1,12,0,1,1
2016,Washington,WA,20870,WA0390700,Granger,3430,6,"Cities from 2,500 thru 9,999",1,12,1,12,0,1,1
2016,Washington,WA,20802,WA0311100,Granite Falls,3491,6,"Cities from 2,500 thru 9,999",1,12,1,12,0,1,1
2016,Washington,WA,20639,WA0130000,Grant,44502,8B,"Non-MSA counties from 25,000 thru 99,999",1,12,1,12,0,1,1
2016,Washington,WA,20649,WA0140000,Grays Harbor,27867,8B,"Non-MSA counties from 25,000 thru 99,999",1,12,1,12,0,1,1
2016,Washington,WA,20871,WA0390800,Harrah,627,7,"Cities under 2,500",0,0,0,0,1,1,1
2016,Washington,WA,20734,WA0220500,Harrington,394,7,"Cities under 2,500",0,0,0,0,1,1,1
2016,Washington,WA,23119,WA0050500,Hoh Tribal,0,7,"Cities under 2,500",0,5,0,0,0,0,0
2016,Washington,WA,20652,WA0140300,Hoquiam,8307,6,"Cities from 2,500 thru 9,999",1,12,1,12,0,1,1
2016,Washington,WA,20756,WA0250300,Ilwaco,898,7,"Cities under 2,500",1,12,1,12,0,1,1
2016,Washington,WA,25855,WA0311800,Index,194,7,"Cities under 2,500",0,11,0,11,0,0,0
2016,Washington,WA,20760,WA0260300,Ione,448,7,"Cities under 2,500",0,0,0,0,1,1,1
2016,Washington,WA,20659,WA0150000,Island,54452,8B,"Non-MSA counties from 25,000 thru 99,999",1,12,1,12,0,1,1
2016,Washington,WA,20670,WA0170600,Issaquah,34999,4,"Cities from 25,000 thru 49,999",1,12,1,12,0,1,1
2016,Washington,WA,20899,WADI08200,Jamestown S'Klallam Tribal,0,7,"Cities under 2,500",0,4,0,0,0,0,0
2016,Washington,WA,20663,WA0160000,Jefferson,21132,8C,"Non-MSA counties from 10,000 thru 24,999",1,12,1,12,0,1,1
2016,Washington,WA,20627,WA0080400,Kalama,2349,7,"Cities under 2,500",1,12,1,12,0,1,1
2016,Washington,WA,20890,WADI06100,Kalispel Tribal,0,7,"Cities under 2,500",0,5,0,0,0,0,0
2016,Washington,WA,20624,WA0080100,Kelso,11756,5,"Cities from 10,000 thru 24,999",1,12,1,12,0,1,1
2016,Washington,WA,20702,WA0174900,Kenmore,22176,5,"Cities from 10,000 thru 24,999",1,12,0,0,0,1,0
2016,Washington,WA,20600,WA0030100,Kennewick,78214,3,"Cities from 50,000 thru 99,000",1,12,1,12,0,1,1
2016,Washington,WA,20671,WA0170700,Kent,127259,2,"Cities from 100,000 thru 249,000",1,12,1,12,0,1,1
2016,Washington,WA,20822,WA0330300,Kettle Falls,1590,7,"Cities under 2,500",1,12,1,12,0,1,1
2016,Washington,WA,20665,WA0170000,King,271235,9A,"MSA counties 100,000 or over",1,12,0,0,0,1,0
2016,Washington,WA,20672,WA0170800,Kirkland,87040,3,"Cities from 50,000 thru 99,000",1,12,1,12,0,1,1
2016,Washington,WA,20704,WA0180000,Kitsap,170297,9A,"MSA counties 100,000 or over",1,12,1,12,0,1,1
2016,Washington,WA,20714,WA0190600,Kittitas,1425,7,"Cities under 2,500",1,12,1,12,0,1,1
2016,Washington,WA,20710,WA0190000,Kittitas,19957,8C,"Non-MSA counties from 10,000 thru 24,999",1,12,1,12,0,1,1
2016,Washington,WA,20716,WA0200000,Klickitat,14578,8C,"Non-MSA counties from 10,000 thru 24,999",1,12,1,12,0,1,1
2016,Washington,WA,20619,WA0060600,La Center,3134,6,"Cities from 2,500 thru 9,999",1,12,1,12,0,1,1
2016,Washington,WA,20828,WA0340400,Lacey,46193,4,"Cities from 25,000 thru 49,999",1,12,1,12,0,1,1
2016,Washington,WA,20788,WA0290600,La Conner,924,7,"Cities under 2,500",0,0,0,0,1,1,1
2016,Washington,WA,20857,WA0380800,Lacrosse,312,7,"Cities under 2,500",0,0,0,0,1,1,1
2016,Washington,WA,20689,WA0172600,Lake Forest Park,13327,5,"Cities from 10,000 thru 24,999",1,12,1,12,0,1,1
2016,Washington,WA,20808,WA0311900,Lake Stevens,30815,4,"Cities from 25,000 thru 49,999",1,12,1,12,0,1,1
2016,Washington,WA,20779,WA0272300,Lakewood,59958,3,"Cities from 50,000 thru 99,000",1,12,1,12,0,1,1
2016,Washington,WA,20662,WA0150300,Langley,1056,7,"Cities under 2,500",0,0,0,0,0,0,0
2016,Washington,WA,20898,WADI07000,La Push Tribal,0,7,"Cities under 2,500",0,6,0,0,0,0,0
2016,Washington,WA,25414,WA0391700,Law Enforcement Against Drugs Task Force,0,7,"Cities under 2,500",1,12,1,12,0,1,1
2016,Washington,WA,20720,WA0210000,Lewis,45130,8B,"Non-MSA counties from 25,000 thru 99,999",1,12,1,12,0,1,1
2016,Washington,WA,20817,WA0321300,Liberty Lake,8911,6,"Cities from 2,500 thru 9,999",1,12,1,12,0,1,1
2016,Washington,WA,20730,WA0220000,Lincoln,7972,8D,"Non-MSA counties under 10,000",1,12,1,12,0,1,1
2016,Washington,WA,20757,WA0250400,Long Beach,1335,7,"Cities under 2,500",1,12,1,12,0,1,1
2016,Washington,WA,20625,WA0080200,Longview,36401,4,"Cities from 25,000 thru 49,999",1,12,1,12,0,1,1
2016,Washington,WA,25905,WADI08600,Lower Elwha Klallam Tribal,0,7,"Cities under 2,500",0,1,0,0,0,0,0
2016,Washington,WA,20612,WA0050900,Lower Elwha Tribal,0,7,"Cities under 2,500",0,0,0,0,1,0,0
2016,Washington,WA,20889,WADI05900,Lummi Tribal,0,7,"Cities under 2,500",1,12,1,12,0,1,1
2016,Washington,WA,20848,WA037100X,Lummi Tribal,0,7,"Cities under 2,500",0,0,0,0,1,1,1
2016,Washington,WA,20845,WA0370500,Lynden,13464,5,"Cities from 10,000 thru 24,999",1,12,1,12,0,1,1
2016,Washington,WA,20796,WA0310400,Lynnwood,36885,4,"Cities from 25,000 thru 49,999",1,12,1,12,0,1,1
2016,Washington,WA,20872,WA0390900,Mabton,2302,7,"Cities under 2,500",1,12,1,12,0,1,1
2016,Washington,WA,20886,WADI05600,Makah Tribal,0,7,"Cities under 2,500",0,4,0,0,0,0,0
2016,Washington,WA,20859,WA0381300,Malden,198,7,"Cities under 2,500",0,0,0,0,1,1,1
2016,Washington,WA,20631,WA0090300,Mansfield,329,7,"Cities under 2,500",0,0,0,0,1,1,1
2016,Washington,WA,20700,WA0174700,Maple Valley,25741,4,"Cities from 25,000 thru 49,999",1,12,0,0,0,1,0
2016,Washington,WA,20797,WA0310500,Marysville,66374,3,"Cities from 50,000 thru 99,000",1,12,1,12,0,1,1
2016,Washington,WA,20738,WA0230000,Mason,51164,8B,"Non-MSA counties from 25,000 thru 99,999",1,12,1,12,0,1,1
2016,Washington,WA,20646,WA0130900,Mattawa,4612,6,"Cities from 2,500 thru 9,999",1,12,1,12,0,1,1
2016,Washington,WA,20653,WA0140400,McCleary,1599,7,"Cities under 2,500",0,0,0,0,0,0,0
2016,Washington,WA,20813,WA0320300,Medical Lake,4926,6,"Cities from 2,500 thru 9,999",0,0,0,0,1,1,0
2016,Washington,WA,20683,WA0172000,Medina,3243,6,"Cities from 2,500 thru 9,999",1,12,1,12,0,1,1
2016,Washington,WA,20673,WA0170900,Mercer Island,24737,5,"Cities from 10,000 thru 24,999",1,12,1,12,0,1,1
2016,Washington,WA,20809,WA0312100,Mill Creek,19441,5,"Cities from 10,000 thru 24,999",1,12,1,12,0,1,1
2016,Washington,WA,20769,WA0270900,Milton,7420,6,"Cities from 2,500 thru 9,999",1,12,1,12,0,1,1
2016,Washington,WA,20803,WA0311200,Monroe,18046,5,"Cities from 10,000 thru 24,999",1,12,1,12,0,1,1
2016,Washington,WA,20654,WA0140500,Montesano,3834,6,"Cities from 2,500 thru 9,999",1,12,1,12,0,1,1
2016,Washington,WA,20723,WA0210300,Morton,1115,7,"Cities under 2,500",1,12,1,12,0,1,1
2016,Washington,WA,20641,WA0130200,Moses Lake,22026,5,"Cities from 10,000 thru 24,999",1,12,1,12,0,1,1
2016,Washington,WA,20724,WA0210400,Mossyrock,742,7,"Cities under 2,500",1,12,1,12,0,1,1
2016,Washington,WA,20798,WA0310600,Mountlake Terrace,21051,5,"Cities from 10,000 thru 24,999",1,12,1,12,0,1,1
2016,Washington,WA,20785,WA0290200,Mount Vernon,33474,4,"Cities from 25,000 thru 49,999",1,12,1,12,0,1,1
2016,Washington,WA,20876,WA0391400,Moxee,3871,6,"Cities from 2,500 thru 9,999",1,12,1,12,0,1,1
2016,Washington,WA,20804,WA0311300,Mukilteo,21171,5,"Cities from 10,000 thru 24,999",1,12,1,12,0,1,1
2016,Washington,WA,20725,WA0210700,Napavine,1782,7,"Cities under 2,500",1,12,0,11,0,1,0
2016,Washington,WA,20706,WA0180300,Navy Yard Bremerton,0,7,"Cities under 2,500",0,0,0,0,1,1,1
2016,Washington,WA,20698,WA0174200,Newcastle,11413,5,"Cities from 10,000 thru 24,999",1,12,0,0,0,1,0
2016,Washington,WA,20759,WA0260200,Newport,2119,7,"Cities under 2,500",0,0,0,0,1,1,1
2016,Washington,WA,20877,WADI00800,Nisqually Tribal,0,7,"Cities under 2,500",0,1,0,0,0,0,0
2016,Washington,WA,20882,WADI01400,Nooksack Tribal,0,7,"Cities under 2,500",0,5,0,0,0,0,0
2016,Washington,WA,20674,WA0171000,Normandy Park,6682,6,"Cities from 2,500 thru 9,999",1,12,1,12,0,1,1
2016,Washington,WA,20675,WA0171100,North Bend,6779,6,"Cities from 2,500 thru 9,999",1,12,1,12,0,1,1
2016,Washington,WA,20790,WA0300100,North Bonneville,974,7,"Cities under 2,500",0,0,0,0,1,1,1
2016,Washington,WA,20823,WA0330500,Northport,288,7,"Cities under 2,500",0,0,0,0,1,1,1
2016,Washington,WA,20860,WA0381400,Oakesdale,425,7,"Cities under 2,500",0,0,0,0,0,0,0
2016,Washington,WA,20660,WA0150100,Oak Harbor,22336,5,"Cities from 10,000 thru 24,999",1,12,1,12,0,1,1
2016,Washington,WA,20656,WA0140700,Oakville,658,7,"Cities under 2,500",1,12,1,12,0,1,1
2016,Washington,WA,20657,WA0140800,Ocean Shores,5638,6,"Cities from 2,500 thru 9,999",1,12,1,12,0,1,1
2016,Washington,WA,20735,WA0220600,Odessa,858,7,"Cities under 2,500",1,12,1,12,0,1,1
2016,Washington,WA,20742,WA0240200,Okanogan,2562,6,"Cities from 2,500 thru 9,999",0,0,0,0,1,1,1
2016,Washington,WA,20740,WA0240000,Okanogan,29313,8B,"Non-MSA counties from 25,000 thru 99,999",1,12,1,12,0,1,1
2016,Washington,WA,20826,WA0340100,Olympia,49875,4,"Cities from 25,000 thru 49,999",1,12,1,12,0,1,1
2016,Washington,WA,20743,WA0240300,Omak,4847,6,"Cities from 2,500 thru 9,999",1,12,1,12,0,1,1
2016,Washington,WA,20744,WA0240400,Oroville,1676,7,"Cities under 2,500",1,12,1,12,0,1,1
2016,Washington,WA,20772,WA0271300,Orting,7401,6,"Cities from 2,500 thru 9,999",1,12,1,12,0,1,1
2016,Washington,WA,20594,WA0010100,Othello,7785,6,"Cities from 2,500 thru 9,999",1,12,1,12,0,1,1
2016,Washington,WA,20753,WA0250000,Pacific,13969,8C,"Non-MSA counties from 10,000 thru 24,999",1,12,1,12,0,1,1
2016,Washington,WA,20684,WA0172100,Pacific,7199,6,"Cities from 2,500 thru 9,999",1,12,1,12,0,1,1
2016,Washington,WA,20858,WA0380900,Palouse,1016,7,"Cities under 2,500",0,2,0,2,0,0,0
2016,Washington,WA,20636,WA0110200,Pasco,70458,3,"Cities from 50,000 thru 99,000",1,12,1,12,0,1,1
2016,Washington,WA,20745,WA0240500,Pateros,653,7,"Cities under 2,500",0,0,0,0,1,1,1
2016,Washington,WA,20726,WA0210900,Pe Ell,627,7,"Cities under 2,500",0,0,0,0,0,0,0
2016,Washington,WA,20758,WA0260000,Pend Oreille,13036,9C,"MSA counties from 10,000 thru 24,999",1,12,1,12,0,1,1
2016,Washington,WA,20762,WA0270000,Pierce,393883,9A,"MSA counties 100,000 or over",1,12,1,12,0,1,1
2016,Washington,WA,20638,WA0120100,Pomeroy,1377,7,"Cities under 2,500",0,0,0,0,1,1,1
2016,Washington,WA,20609,WA0050100,Port Angeles,19304,5,"Cities from 10,000 thru 24,999",1,12,1,12,0,1,1
2016,Washington,WA,20895,WADI06600,Port Gamble S'Klallam Tribal,0,7,"Cities under 2,500",0,8,0,0,0,0,0
2016,Washington,WA,20693,WA0173200,Port of Seattle,0,7,"Cities under 2,500",1,12,1,12,0,1,1
2016,Washington,WA,20707,WA0180400,Port Orchard,13535,5,"Cities from 10,000 thru 24,999",1,12,1,12,0,1,1
2016,Washington,WA,20664,WA0160100,Port Townsend,9288,6,"Cities from 2,500 thru 9,999",1,12,1,12,0,1,1
2016,Washington,WA,20708,WA0180500,Poulsbo,9809,6,"Cities from 2,500 thru 9,999",1,12,1,12,0,1,1
2016,Washington,WA,20602,WA0030300,Prosser,5817,6,"Cities from 2,500 thru 9,999",1,12,1,12,0,1,1
2016,Washington,WA,20852,WA0380300,Pullman,32174,4,"Cities from 25,000 thru 49,999",1,12,1,12,0,1,1
2016,Washington,WA,20763,WA0270100,Puyallup,39645,4,"Cities from 25,000 thru 49,999",1,12,1,12,0,1,1
2016,Washington,WA,20891,WADI06200,Puyallup Tribal,0,7,"Cities under 2,500",0,5,0,0,0,0,0
2016,Washington,WA,20884,WADI05400,Quinault Indian Nation,0,7,"Cities under 2,500",0,5,0,0,0,0,0
2016,Washington,WA,20642,WA0130300,Quincy,7499,6,"Cities from 2,500 thru 9,999",1,12,1,12,0,1,1
2016,Washington,WA,20829,WA0340600,Rainier,1985,7,"Cities under 2,500",0,0,0,0,1,1,1
2016,Washington,WA,20754,WA0250100,Raymond,2765,6,"Cities from 2,500 thru 9,999",1,12,1,12,0,1,1
2016,Washington,WA,20736,WA0220700,Reardan,543,7,"Cities under 2,500",1,12,1,12,0,1,1
2016,Washington,WA,20676,WA0171200,Redmond,60542,3,"Cities from 50,000 thru 99,000",1,12,1,12,0,1,1
2016,Washington,WA,20677,WA0171300,Renton,100015,2,"Cities from 100,000 thru 249,000",1,12,1,12,0,1,1
2016,Washington,WA,20633,WA0100100,Republic,1086,7,"Cities under 2,500",0,0,0,0,0,0,0
2016,Washington,WA,20601,WA0030200,Richland,54218,3,"Cities from 50,000 thru 99,000",1,12,1,12,0,1,1
2016,Washington,WA,20618,WA0060500,Ridgefield,6510,6,"Cities from 2,500 thru 9,999",1,12,1,12,0,1,1
2016,Washington,WA,20595,WA0010200,Ritzville,1671,7,"Cities under 2,500",1,12,1,12,0,1,1
2016,Washington,WA,20853,WA0380400,Rosalia,549,7,"Cities under 2,500",0,0,0,0,1,1,1
2016,Washington,WA,20713,WA0190400,Roslyn,897,7,"Cities under 2,500",0,0,0,0,1,1,1
2016,Washington,WA,20770,WA0271000,Roy,808,7,"Cities under 2,500",1,12,1,12,0,1,1
2016,Washington,WA,20647,WA0131000,Royal City,2234,7,"Cities under 2,500",1,12,1,12,0,1,1
2016,Washington,WA,20777,WA0271900,Ruston,802,7,"Cities under 2,500",1,12,1,12,0,1,1
2016,Washington,WA,20703,WA0175000,Sammamish,52365,3,"Cities from 50,000 thru 99,000",1,12,0,0,0,1,0
2016,Washington,WA,20782,WA0280000,San Juan,16138,8C,"Non-MSA counties from 10,000 thru 24,999",1,12,1,12,0,1,1
2016,Washington,WA,20892,WADI06300,Sauk-Suiattle Tribal,0,7,"Cities under 2,500",0,0,0,0,0,0,0
2016,Washington,WA,20695,WA0173700,Seatac,28418,4,"Cities from 25,000 thru 49,999",1,12,0,0,0,1,0
2016,Washington,WA,20900,WASPD0000,Seattle,683700,1B,"Cities from 500,000 thru 999,999",1,12,1,12,0,1,1
2016,Washington,WA,20786,WA0290300,Sedro Woolley,10808,5,"Cities from 10,000 thru 24,999",1,12,1,12,0,1,1
2016,Washington,WA,20873,WA0391100,Selah,7505,6,"Cities from 2,500 thru 9,999",1,12,0,11,0,1,0
2016,Washington,WA,20611,WA0050300,Sequim,6767,6,"Cities from 2,500 thru 9,999",1,12,1,12,0,1,1
2016,Washington,WA,20739,WA0230400,Shelton,9758,6,"Cities from 2,500 thru 9,999",1,12,1,12,0,1,1
2016,Washington,WA,20880,WADI01200,Shoalwater Bay Tribal,0,7,"Cities under 2,500",0,5,0,0,0,0,0
2016,Washington,WA,20699,WA0174300,Shoreline,55690,3,"Cities from 50,000 thru 99,000",1,12,0,0,0,1,0
2016,Washington,WA,20783,WA0290000,Skagit,52426,9B,"MSA counties from 25,000 thru 99,999",1,12,1,12,0,1,1
2016,Washington,WA,23173,WA0291000,Skagit County Interlocal Drug Enforcement Unit,0,9E,MSA State Police,1,12,1,12,0,1,1
2016,Washington,WA,20789,WA0300000,Skamania,11442,9C,"MSA counties from 10,000 thru 24,999",1,12,1,12,0,1,1
2016,Washington,WA,20879,WADI01100,Skokomish Tribal,0,7,"Cities under 2,500",0,0,0,0,0,0,0
2016,Washington,WA,20690,WA0172700,Skykomish,206,7,"Cities under 2,500",0,0,0,0,1,1,0
2016,Washington,WA,20799,WA0310700,Snohomish,9640,6,"Cities from 2,500 thru 9,999",1,12,1,12,0,1,1
2016,Washington,WA,20792,WA0310000,Snohomish,337766,9A,"MSA counties 100,000 or over",1,12,1,12,0,1,1
2016,Washington,WA,20685,WA0172200,Snoqualmie,13148,5,"Cities from 10,000 thru 24,999",1,12,1,12,0,1,1
2016,Washington,WA,25606,WADI08300,Snoqualmie Tribal,0,7,"Cities under 2,500",0,0,0,0,0,0,0
2016,Washington,WA,20643,WA0130400,Soap Lake,1594,7,"Cities under 2,500",1,12,1,12,0,1,1
2016,Washington,WA,20755,WA0250200,South Bend,1585,7,"Cities under 2,500",1,12,1,12,0,1,1
2016,Washington,WA,20814,WA0320400,Spokane,212698,2,"Cities from 100,000 thru 249,000",1,12,0,3,0,1,0
2016,Washington,WA,20810,WA0320000,Spokane,157188,9A,"MSA counties 100,000 or over",1,12,0,5,0,1,0
2016,Washington,WA,20883,WADI05100,Spokane Agency,0,7,"Cities under 2,500",0,6,0,0,0,0,0
2016,Washington,WA,20818,WA0321500,Spokane Valley,92157,3,"Cities from 50,000 thru 99,000",1,12,0,6,0,1,0
2016,Washington,WA,20737,WA0220800,Sprague,418,7,"Cities under 2,500",0,0,0,0,1,1,1
2016,Washington,WA,20824,WA0330600,Springdale,274,7,"Cities under 2,500",0,0,0,0,0,0,0
2016,Washington,WA,20885,WADI05500,Squaxin Island Tribal,0,7,"Cities under 2,500",0,5,0,0,0,0,0
2016,Washington,WA,20805,WA0311400,Stanwood,6864,6,"Cities from 2,500 thru 9,999",1,12,1,12,0,1,1
2016,Washington,WA,23224,WA0341000,State Gambling Commission Enforcement Unit,0,7,"Cities under 2,500",1,12,1,12,0,1,1
2016,Washington,WA,20834,WA034225Y,State Insurance Commissioner Special Investigations Unit,0,7,"Cities under 2,500",1,12,1,12,0,1,1
2016,Washington,WA,20771,WA0271100,Steilacoom,6228,6,"Cities from 2,500 thru 9,999",1,12,1,12,0,1,1
2016,Washington,WA,20819,WA0330000,Stevens,34666,9B,"MSA counties from 25,000 thru 99,999",1,12,1,12,0,1,1
2016,Washington,WA,20791,WA0300200,Stevenson,1506,7,"Cities under 2,500",0,0,0,0,1,1,1
2016,Washington,WA,20881,WADI01300,Stillaguamish Tribal,0,7,"Cities under 2,500",0,2,0,0,0,0,0
2016,Washington,WA,20806,WA0311500,Sultan,4797,6,"Cities from 2,500 thru 9,999",1,12,1,12,0,1,1
2016,Washington,WA,20846,WA0370700,Sumas,1357,7,"Cities under 2,500",1,12,1,12,0,1,1
2016,Washington,WA,20764,WA0270200,Sumner,9737,6,"Cities from 2,500 thru 9,999",1,12,1,12,0,1,1
2016,Washington,WA,20865,WA0390200,Sunnyside,16198,5,"Cities from 10,000 thru 24,999",1,12,1,12,0,1,1
2016,Washington,WA,20878,WADI00900,Suquamish Tribal,0,7,"Cities under 2,500",0,0,0,0,0,0,0
2016,Washington,WA,20893,WADI06400,Swinomish Tribal,0,7,"Cities under 2,500",1,12,1,12,0,1,1
2016,Washington,WA,20765,WA0270300,Tacoma,206884,2,"Cities from 100,000 thru 249,000",1,12,1,12,0,1,1
2016,Washington,WA,20861,WA0381500,Tekoa,786,7,"Cities under 2,500",0,0,0,0,1,1,1
2016,Washington,WA,20830,WA0340800,Tenino,1737,7,"Cities under 2,500",1,12,1,12,0,1,1
2016,Washington,WA,20825,WA0340000,Thurston,144537,9A,"MSA counties 100,000 or over",1,12,1,12,0,1,1
2016,Washington,WA,20874,WA0391200,Tieton,1260,7,"Cities under 2,500",1,12,0,11,0,1,0
2016,Washington,WA,20727,WA0211000,Toledo,720,7,"Cities under 2,500",1,12,1,12,0,1,1
2016,Washington,WA,20746,WA0240600,Tonasket,1014,7,"Cities under 2,500",1,12,1,12,0,1,1
2016,Washington,WA,20866,WA0390300,Toppenish,9001,6,"Cities from 2,500 thru 9,999",1,12,1,12,0,1,1
2016,Washington,WA,20691,WA0172800,Town of Mercer Island,0,7,"Cities under 2,500",0,0,0,0,1,1,1
2016,Washington,WA,20686,WA0172300,Tukwila,20116,5,"Cities from 10,000 thru 24,999",1,12,1,12,0,1,1
2016,Washington,WA,20897,WADI06800,Tulalip Tribal,0,7,"Cities under 2,500",0,0,0,0,0,0,0
2016,Washington,WA,20827,WA0340200,Tumwater,19193,5,"Cities from 10,000 thru 24,999",1,12,1,12,0,1,1
2016,Washington,WA,20749,WA0240900,Twisp,941,7,"Cities under 2,500",1,12,1,12,0,1,1
2016,Washington,WA,20867,WA0390400,Union Gap,6022,6,"Cities from 2,500 thru 9,999",1,12,1,12,0,1,1
2016,Washington,WA,20862,WA0381600,Uniontown,329,7,"Cities under 2,500",0,0,0,0,0,0,0
2016,Washington,WA,20687,WA0172400,University of Washington,0,7,"Cities under 2,500",1,12,1,12,0,1,1
2016,Washington,WA,20780,WA0272400,University Place,32577,4,"Cities from 25,000 thru 49,999",1,12,1,12,0,1,1
2016,Washington,WA,20894,WADI06500,Upper Skagit Tribal,0,7,"Cities under 2,500",0,3,0,0,0,0,0
2016,Washington,WA,20728,WA0211100,Vader,613,7,"Cities under 2,500",0,0,0,0,1,1,1
2016,Washington,WA,20616,WA0060300,Vancouver,171076,2,"Cities from 100,000 thru 249,000",1,12,1,12,0,1,1
2016,Washington,WA,20835,WA0350000,Wahkiakum,4107,8D,"Non-MSA counties under 10,000",1,12,1,12,0,1,1
2016,Washington,WA,20839,WA0360300,Waitsburg,1190,7,"Cities under 2,500",0,0,0,0,1,1,1
2016,Washington,WA,20837,WA0360100,Walla Walla,31940,4,"Cities from 25,000 thru 49,999",1,12,1,12,0,1,1
2016,Washington,WA,20836,WA0360000,Walla Walla,19310,9C,"MSA counties from 10,000 thru 24,999",1,12,1,12,0,1,1
2016,Washington,WA,20875,WA0391300,Wapato,5050,6,"Cities from 2,500 thru 9,999",1,12,1,12,0,1,1
2016,Washington,WA,20648,WA0131100,Warden,2761,6,"Cities from 2,500 thru 9,999",1,12,1,12,0,1,1
2016,Washington,WA,20832,WA0341200,Washington State Lottery,0,7,"Cities under 2,500",0,0,0,0,1,1,1
2016,Washington,WA,20901,WAWSP0000,Washington State Patrol,0,8D,"Non-MSA counties under 10,000",1,12,1,12,0,1,1
2016,Washington,WA,20854,WA0380500,Washington State University: Pullman,0,7,"Cities under 2,500",1,12,1,12,0,1,1
2016,Washington,WA,20620,WA0061000,Washington State University: Vancouver,0,7,"Cities under 2,500",1,12,0,11,0,1,0
2016,Washington,WA,20617,WA0060400,Washougal,15220,5,"Cities from 10,000 thru 24,999",1,12,1,12,0,1,1
2016,Washington,WA,20607,WA0040400,Wenatchee,33525,4,"Cities from 25,000 thru 49,999",1,12,1,12,0,1,1
2016,Washington,WA,20847,WA0370800,Western Washington University,0,7,"Cities under 2,500",1,12,1,12,0,1,1
2016,Washington,WA,20658,WA0140900,Westport,2002,7,"Cities under 2,500",1,12,1,12,0,1,1
2016,Washington,WA,20604,WA0030500,West Richland,13716,5,"Cities from 10,000 thru 24,999",1,12,1,12,0,1,1
2016,Washington,WA,20840,WA0370000,Whatcom,89931,9B,"MSA counties from 25,000 thru 99,999",1,12,1,12,0,1,1
2016,Washington,WA,20719,WA0200600,White Salmon,2333,7,"Cities under 2,500",1,12,1,12,0,1,1
2016,Washington,WA,20849,WA0380000,Whitman,9169,8D,"Non-MSA counties under 10,000",1,12,1,12,0,1,1
2016,Washington,WA,20732,WA0220200,Wilbur,837,7,"Cities under 2,500",0,0,0,8,1,1,1
2016,Washington,WA,20778,WA0272000,Wilkeson,488,7,"Cities under 2,500",0,0,0,0,1,1,1
2016,Washington,WA,20729,WA0211200,Winlock,1301,7,"Cities under 2,500",1,12,1,12,0,1,1
2016,Washington,WA,20750,WA0241000,Winthrop,416,7,"Cities under 2,500",1,12,1,12,0,1,1
2016,Washington,WA,20696,WA0174000,Woodinville,11476,5,"Cities from 10,000 thru 24,999",1,12,0,0,0,1,0
2016,Washington,WA,20628,WA0080500,Woodland,5748,6,"Cities from 2,500 thru 9,999",1,12,1,12,0,1,1
2016,Washington,WA,20807,WA0311600,Woodway,1362,7,"Cities under 2,500",1,12,1,12,0,1,1
2016,Washington,WA,20888,WADI05800,Yakama Nation,0,7,"Cities under 2,500",0,6,0,0,0,0,0
2016,Washington,WA,20863,WA0390000,Yakima,86704,9B,"MSA counties from 25,000 thru 99,999",1,12,1,12,0,1,1
2016,Washington,WA,20868,WA0390500,Yakima,93798,3,"Cities from 50,000 thru 99,000",1,12,1,12,0,1,1
2016,Washington,WA,20692,WA0173100,Yarrow Point,1078,7,"Cities under 2,500",1,12,1,12,0,1,1
2016,Washington,WA,20831,WA0340900,Yelm,8592,6,"Cities from 2,500 thru 9,999",1,12,1,12,0,1,1
2016,Washington,WA,20869,WA0390600,Zillah,3138,6,"Cities from 2,500 thru 9,999",1,12,1,12,0,1,1
