agency_id,ori,legacy_ori,agency_name,short_name,agency_type_id,agency_type_name,tribe_id,campus_id,city_id,city_name,state_id,state_abbr,primary_county_id,primary_county,primary_county_fips,agency_status,submitting_agency_id,submitting_sai,submitting_name,submitting_state_abbr,start_year,dormant_year,current_year,revised_rape_start,current_nibrs_start_year,population,population_group_code,population_group_desc,population_source_flag,suburban_area_flag,core_city_flag,months_reported,nibrs_months_reported,past_10_years_reported,covered_by_id,covered_by_ori,covered_by_name,staffing_year,total_officers,total_civilians,icpsr_zip,icpsr_lat,icpsr_lng
20825,WA0340000,WA0340000,Thurston County Sheriff's Office,Thurston,2,County,,,,,53,WA,3084,Thurston,53067,A,23398,WAUCR0001,Washington Association of Sheriffs and Police Chiefs Uniform Crime Reporting Program Criminal Justice Information Support,WA,1960,,2016,2013,2011,144537,9A,"MSA counties 100,000 or over",L,Y,N,12,12,10,,,,2016,83,132,98502,46.932598,-122.829441
20845,WA0370500,WA0370500,Lynden Police Department,Lynden,1,City,,,11312,Lynden,53,WA,3087,Whatcom,53073,A,23398,WAUCR0001,Washington Association of Sheriffs and Police Chiefs Uniform Crime Reporting Program Criminal Justice Information Support,WA,1960,,2016,2013,2006,13464,5,"Cities from 10,000 thru 24,999",L,Y,N,12,12,10,,,,2016,15,4,98264,48.842653,-121.836432
20753,WA0250000,WA0250000,Pacific County Sheriff's Office,Pacific,2,County,,,,,53,WA,3075,Pacific,53049,A,23398,WAUCR0001,Washington Association of Sheriffs and Police Chiefs Uniform Crime Reporting Program Criminal Justice Information Support,WA,1960,,2016,2013,2012,13969,8C,"Non-MSA counties from 10,000 thru 24,999",L,N,N,12,12,10,,,,2016,13,29,98586,46.556587,-123.782419
20783,WA0290000,WA0290000,Skagit County Sheriff's Office,Skagit,2,County,,,,,53,WA,3079,Skagit,53057,A,23398,WAUCR0001,Washington Association of Sheriffs and Police Chiefs Uniform Crime Reporting Program Criminal Justice Information Support,WA,1960,,2016,2013,2011,52426,9B,"MSA counties from 25,000 thru 99,999",L,Y,N,12,12,10,,,,2016,54,63,98273,48.493292,-121.81577
20641,WA0130200,WA0130200,Moses Lake Police Department,Moses Lake,1,City,,,11327,Moses Lake,53,WA,3063,Grant,53025,A,23398,WAUCR0001,Washington Association of Sheriffs and Police Chiefs Uniform Crime Reporting Program Criminal Justice Information Support,WA,1960,,2016,2013,2012,22026,5,"Cities from 10,000 thru 24,999",L,N,N,12,12,10,,,,2016,32,8,98837,47.213633,-119.467788
20600,WA0030100,WA0030100,Kennewick Police Department,Kennewick,1,City,,,11296,Kennewick,53,WA,3053,Benton,53005,A,23398,WAUCR0001,Washington Association of Sheriffs and Police Chiefs Uniform Crime Reporting Program Criminal Justice Information Support,WA,1960,,2016,2013,2011,78214,3,"Cities from 50,000 thru 99,000",L,N,Y,12,12,10,,,,2016,91,15,99336,46.228072,-119.516864
20596,WA0020000,WA0020000,Asotin County Sheriff's Office,Asotin,2,County,,,,,53,WA,3052,Asotin,53003,A,23398,WAUCR0001,Washington Association of Sheriffs and Police Chiefs Uniform Crime Reporting Program Criminal Justice Information Support,WA,1960,,2016,2013,2009,13709,9C,"MSA counties from 10,000 thru 24,999",L,Y,N,12,12,10,,,,2016,13,17,99402,46.181861,-117.227781
20807,WA0311600,WA0311600,Woodway Police Department,Woodway,1,City,,,11431,Woodway,53,WA,3081,Snohomish,53061,A,23398,WAUCR0001,Washington Association of Sheriffs and Police Chiefs Uniform Crime Reporting Program Criminal Justice Information Support,WA,1996,,2016,2013,2010,1362,7,"Cities under 2,500",L,Y,N,12,12,10,,,,1998,5,0,98020,48.054913,-121.766412
20789,WA0300000,WA0300000,Skamania County Sheriff's Office,Skamania,2,County,,,,,53,WA,3080,Skamania,53059,A,23398,WAUCR0001,Washington Association of Sheriffs and Police Chiefs Uniform Crime Reporting Program Criminal Justice Information Support,WA,1960,,2016,2013,2012,11442,9C,"MSA counties from 10,000 thru 24,999",L,Y,N,12,12,10,,,,2016,17,3,98648,46.024782,-121.953227
20900,WASPD0000,WASPD0000,Seattle Police Department,Seattle,1,City,,,11379,Seattle,53,WA,3067,King,53033,A,23398,WAUCR0001,Washington Association of Sheriffs and Police Chiefs Uniform Crime Reporting Program Criminal Justice Information Support,WA,1960,,2016,2013,2012,683700,1B,"Cities from 500,000 thru 999,999",L,N,Y,12,12,10,,,,2016,1384,562,98124,47.493554,-121.832375
20763,WA0270100,WA0270100,Puyallup Police Department,Puyallup,1,City,,,11362,Puyallup,53,WA,3077,Pierce,53053,A,23398,WAUCR0001,Washington Association of Sheriffs and Police Chiefs Uniform Crime Reporting Program Criminal Justice Information Support,WA,1960,,2016,2013,2007,39645,4,"Cities from 25,000 thru 49,999",L,Y,N,12,12,10,,,,2016,56,21,98371,47.051437,-122.153228
20657,WA0140800,WA0140800,Ocean Shores Police Department,Ocean Shores,1,City,,,11343,Ocean Shores,53,WA,3064,Grays Harbor,53027,A,23398,WAUCR0001,Washington Association of Sheriffs and Police Chiefs Uniform Crime Reporting Program Criminal Justice Information Support,WA,1969,,2016,2013,2013,5638,6,"Cities from 2,500 thru 9,999",L,N,N,12,12,10,,,,2016,12,1,98569,47.142786,-123.827043
20793,WA0310100,WA0310100,Arlington Police Department,Arlington,1,City,,,11217,Arlington,53,WA,3081,Snohomish,53061,A,23398,WAUCR0001,Washington Association of Sheriffs and Police Chiefs Uniform Crime Reporting Program Criminal Justice Information Support,WA,1980,,2016,,2016,19018,5,"Cities from 10,000 thru 24,999",L,Y,N,12,12,10,,,,2016,23,5,98223,48.054913,-121.766412
20595,WA0010200,WA0010200,Ritzville Police Department,Ritzville,1,City,,,11372,Ritzville,53,WA,3051,Adams,53001,A,23398,WAUCR0001,Washington Association of Sheriffs and Police Chiefs Uniform Crime Reporting Program Criminal Justice Information Support,WA,1980,,2016,2013,2012,1671,7,"Cities under 2,500",L,N,N,12,12,10,,,,2016,4,0,99169,46.981572,-118.562643
20621,WA0070000,WA0070000,Columbia County Sheriff's Office,Columbia,2,County,,,,,53,WA,3057,Columbia,53013,A,23398,WAUCR0001,Washington Association of Sheriffs and Police Chiefs Uniform Crime Reporting Program Criminal Justice Information Support,WA,1960,,2016,2013,2012,3968,9D,"MSA counties under 10,000",L,Y,N,12,12,10,,,,2016,8,1,99328,46.29285,-117.911634
20826,WA0340100,WA0340100,Olympia Police Department,Olympia,1,City,,,11346,Olympia,53,WA,3084,Thurston,53067,A,23398,WAUCR0001,Washington Association of Sheriffs and Police Chiefs Uniform Crime Reporting Program Criminal Justice Information Support,WA,1960,,2016,2013,2014,49875,4,"Cities from 25,000 thru 49,999",L,N,Y,12,12,10,,,,2016,67,28,98507,46.932598,-122.829441
20704,WA0180000,WA0180000,Kitsap County Sheriff's Office,Kitsap,2,County,,,,,53,WA,3068,Kitsap,53035,A,23398,WAUCR0001,Washington Association of Sheriffs and Police Chiefs Uniform Crime Reporting Program Criminal Justice Information Support,WA,1960,,2016,2013,2012,170297,9A,"MSA counties 100,000 or over",L,Y,N,12,12,10,,,,2016,117,23,98366,47.639687,-122.649636
20719,WA0200600,WA0200600,White Salmon Police Department,White Salmon,1,City,,,11425,White Salmon,53,WA,3070,Klickitat,53039,A,23398,WAUCR0001,Washington Association of Sheriffs and Police Chiefs Uniform Crime Reporting Program Criminal Justice Information Support,WA,1981,,2016,2013,2010,2333,7,"Cities under 2,500",L,N,N,12,12,10,,,,2016,6,1,98672,45.869509,-120.780117
20784,WA0290100,WA0290100,Anacortes Police Department,Anacortes,1,City,,,11216,Anacortes,53,WA,3079,Skagit,53057,A,23398,WAUCR0001,Washington Association of Sheriffs and Police Chiefs Uniform Crime Reporting Program Criminal Justice Information Support,WA,1960,,2016,2013,2012,16351,5,"Cities from 10,000 thru 24,999",L,N,Y,12,12,10,,,,2016,26,7,98221,48.493292,-121.81577
20775,WA0271700,WA0271700,Fircrest Police Department,Fircrest,1,City,,,11278,Fircrest,53,WA,3077,Pierce,53053,A,23398,WAUCR0001,Washington Association of Sheriffs and Police Chiefs Uniform Crime Reporting Program Criminal Justice Information Support,WA,1960,,2016,2013,2007,6701,6,"Cities from 2,500 thru 9,999",L,Y,N,12,12,10,,,,2016,8,0,98466,47.051437,-122.153228
23173,WA0291000,WA0291000,Skagit County Interlocal Drug Enforcement Unit,Skagit County Interlocal Drug Enforcement Unit,5,Other,,,,,53,WA,3079,Skagit,53057,A,23398,WAUCR0001,Washington Association of Sheriffs and Police Chiefs Uniform Crime Reporting Program Criminal Justice Information Support,WA,2012,,2016,2013,2016,0,9E,MSA State Police,L,Y,N,12,12,4,,,,,,,     ,48.493292,-121.81577
20868,WA0390500,WA0390500,Yakima Police Department,Yakima,1,City,,,11432,Yakima,53,WA,3089,Yakima,53077,A,23398,WAUCR0001,Washington Association of Sheriffs and Police Chiefs Uniform Crime Reporting Program Criminal Justice Information Support,WA,1960,,2016,2013,2012,93798,3,"Cities from 50,000 thru 99,000",L,N,Y,12,12,9,,,,2016,140,43,98901,46.456558,-120.740145
20749,WA0240900,WA0240900,Twisp Police Department,Twisp,1,City,,,11411,Twisp,53,WA,3074,Okanogan,53047,A,23398,WAUCR0001,Washington Association of Sheriffs and Police Chiefs Uniform Crime Reporting Program Criminal Justice Information Support,WA,1991,,2016,2013,2013,941,7,"Cities under 2,500",L,N,N,12,12,8,,,,2016,2,0,98856,48.550971,-119.691035
20607,WA0040400,WA0040400,Wenatchee Police Department,Wenatchee,1,City,,,11422,Wenatchee,53,WA,3054,Chelan,53007,A,23398,WAUCR0001,Washington Association of Sheriffs and Police Chiefs Uniform Crime Reporting Program Criminal Justice Information Support,WA,1960,,2016,2013,2013,33525,4,"Cities from 25,000 thru 49,999",L,N,Y,12,12,10,,,,2016,38,9,98807,47.860831,-120.618822
20802,WA0311100,WA0311100,Granite Falls Police Department,Granite Falls,1,City,,,11286,Granite Falls,53,WA,3081,Snohomish,53061,A,23398,WAUCR0001,Washington Association of Sheriffs and Police Chiefs Uniform Crime Reporting Program Criminal Justice Information Support,WA,1984,,2016,2014,2016,3491,6,"Cities from 2,500 thru 9,999",L,Y,N,12,12,8,,,,2016,1,0,98252,48.054913,-121.766412
20822,WA0330300,WA0330300,Kettle Falls Police Department,Kettle Falls,1,City,,,11298,Kettle Falls,53,WA,3083,Stevens,53065,A,23398,WAUCR0001,Washington Association of Sheriffs and Police Chiefs Uniform Crime Reporting Program Criminal Justice Information Support,WA,1990,,2016,2013,2011,1590,7,"Cities under 2,500",L,Y,N,12,12,10,,,,2016,3,1,99141,48.390648,-117.854897
20660,WA0150100,WA0150100,Oak Harbor Police Department,Oak Harbor,1,City,,,11340,Oak Harbor,53,WA,3065,Island,53029,A,23398,WAUCR0001,Washington Association of Sheriffs and Police Chiefs Uniform Crime Reporting Program Criminal Justice Information Support,WA,1960,,2016,2013,2006,22336,5,"Cities from 10,000 thru 24,999",L,N,N,12,12,10,,,,2016,24,12,98277,48.158554,-122.670649
20716,WA0200000,WA0200000,Klickitat County Sheriff's Office,Klickitat,2,County,,,,,53,WA,3070,Klickitat,53039,A,23398,WAUCR0001,Washington Association of Sheriffs and Police Chiefs Uniform Crime Reporting Program Criminal Justice Information Support,WA,1960,,2016,2013,2013,14578,8C,"Non-MSA counties from 10,000 thru 24,999",L,N,N,12,12,8,,,,2016,20,19,98620,45.869509,-120.780117
20772,WA0271300,WA0271300,Orting Police Department,Orting,1,City,,,11349,Orting,53,WA,3077,Pierce,53053,A,23398,WAUCR0001,Washington Association of Sheriffs and Police Chiefs Uniform Crime Reporting Program Criminal Justice Information Support,WA,1960,,2016,2013,2011,7401,6,"Cities from 2,500 thru 9,999",L,Y,N,12,12,9,,,,2016,11,0,98360,47.051437,-122.153228
20803,WA0311200,WA0311200,Monroe Police Department,Monroe,1,City,,,11324,Monroe,53,WA,3081,Snohomish,53061,A,23398,WAUCR0001,Washington Association of Sheriffs and Police Chiefs Uniform Crime Reporting Program Criminal Justice Information Support,WA,1971,,2016,2013,2008,18046,5,"Cities from 10,000 thru 24,999",L,Y,N,12,12,10,,,,2016,33,10,98272,48.054913,-121.766412
20863,WA0390000,WA0390000,Yakima County Sheriff's Office,Yakima,2,County,,,,,53,WA,3089,Yakima,53077,A,23398,WAUCR0001,Washington Association of Sheriffs and Police Chiefs Uniform Crime Reporting Program Criminal Justice Information Support,WA,1960,,2016,2013,2013,86704,9B,"MSA counties from 25,000 thru 99,999",L,Y,N,12,12,10,,,,2016,55,26,98907,46.456558,-120.740145
20714,WA0190600,WA0190600,Kittitas Police Department,Kittitas,1,City,,,11300,Kittitas,53,WA,3069,Kittitas,53037,A,23398,WAUCR0001,Washington Association of Sheriffs and Police Chiefs Uniform Crime Reporting Program Criminal Justice Information Support,WA,1988,,2016,2013,2013,1425,7,"Cities under 2,500",L,N,N,12,12,9,,,,2016,3,0,98934,47.124444,-120.676714
20693,WA0173200,WA0173200,Port of Seattle,Port of Seattle,5,Other,,,,,53,WA,3067,King,53033,A,23398,WAUCR0001,Washington Association of Sheriffs and Police Chiefs Uniform Crime Reporting Program Criminal Justice Information Support,WA,1973,,2016,2013,2010,0,7,"Cities under 2,500",L,Y,N,12,12,10,,,,2016,95,27,98168,47.493554,-121.832375
20872,WA0390900,WA0390900,Mabton Police Department,Mabton,1,City,,,11314,Mabton,53,WA,3089,Yakima,53077,A,23398,WAUCR0001,Washington Association of Sheriffs and Police Chiefs Uniform Crime Reporting Program Criminal Justice Information Support,WA,1991,,2016,2013,2013,2302,7,"Cities under 2,500",L,Y,N,12,12,6,,,,2016,4,0,98935,46.456558,-120.740145
20795,WA0310300,WA0310300,Everett Police Department,Everett,1,City,,,11273,Everett,53,WA,3081,Snohomish,53061,A,23398,WAUCR0001,Washington Association of Sheriffs and Police Chiefs Uniform Crime Reporting Program Criminal Justice Information Support,WA,1960,,2016,,2016,107633,2,"Cities from 100,000 thru 249,000",L,N,Y,12,12,10,,,,2016,187,39,98201,48.054913,-121.766412
20746,WA0240600,WA0240600,Tonasket Police Department,Tonasket,1,City,,,11406,Tonasket,53,WA,3074,Okanogan,53047,A,23398,WAUCR0001,Washington Association of Sheriffs and Police Chiefs Uniform Crime Reporting Program Criminal Justice Information Support,WA,1980,,2016,2013,2008,1014,7,"Cities under 2,500",L,N,N,12,12,10,,,,2016,4,1,98855,48.550971,-119.691035
20864,WA0390100,WA0390100,Grandview Police Department,Grandview,1,City,,,11284,Grandview,53,WA,3089,Yakima,53077,A,23398,WAUCR0001,Washington Association of Sheriffs and Police Chiefs Uniform Crime Reporting Program Criminal Justice Information Support,WA,1960,,2016,2013,2012,11201,5,"Cities from 10,000 thru 24,999",L,Y,N,12,12,10,,,,2016,17,5,98930,46.456558,-120.740145
20744,WA0240400,WA0240400,Oroville Police Department,Oroville,1,City,,,11348,Oroville,53,WA,3074,Okanogan,53047,A,23398,WAUCR0001,Washington Association of Sheriffs and Police Chiefs Uniform Crime Reporting Program Criminal Justice Information Support,WA,1982,,2016,2013,2011,1676,7,"Cities under 2,500",L,N,N,12,12,10,,,,2016,5,1,98844,48.550971,-119.691035
20830,WA0340800,WA0340800,Tenino Police Department,Tenino,1,City,,,11403,Tenino,53,WA,3084,Thurston,53067,A,23398,WAUCR0001,Washington Association of Sheriffs and Police Chiefs Uniform Crime Reporting Program Criminal Justice Information Support,WA,1994,,2016,2013,2010,1737,7,"Cities under 2,500",L,Y,N,12,12,10,,,,2016,2,1,98589,46.932598,-122.829441
20854,WA0380500,WA0380500,Washington State University: Pullman,Washington State University: Pullman,3,University or College,,869,,,53,WA,3088,Whitman,53075,A,23398,WAUCR0001,Washington Association of Sheriffs and Police Chiefs Uniform Crime Reporting Program Criminal Justice Information Support,WA,1975,,2016,2013,2012,0,7,"Cities under 2,500",L,N,N,12,12,10,,,,2016,18,5,99164,46.903322,-117.522962
20736,WA0220700,WA0220700,Reardan Police Department,Reardan,1,City,,,11366,Reardan,53,WA,3072,Lincoln,53043,A,23398,WAUCR0001,Washington Association of Sheriffs and Police Chiefs Uniform Crime Reporting Program Criminal Justice Information Support,WA,1994,,2016,2013,2011,543,7,"Cities under 2,500",L,N,N,12,12,10,,,,2016,1,0,99029,47.582718,-118.417667
20605,WA0040000,WA0040000,Chelan County Sheriff's Office,Chelan,2,County,,,,,53,WA,3054,Chelan,53007,A,23398,WAUCR0001,Washington Association of Sheriffs and Police Chiefs Uniform Crime Reporting Program Criminal Justice Information Support,WA,1960,,2016,2013,2011,41807,9B,"MSA counties from 25,000 thru 99,999",L,Y,N,12,12,10,,,,2016,57,16,98807,47.860831,-120.618822
20792,WA0310000,WA0310000,Snohomish County Sheriff's Office,Snohomish,2,County,,,,,53,WA,3081,Snohomish,53061,A,23398,WAUCR0001,Washington Association of Sheriffs and Police Chiefs Uniform Crime Reporting Program Criminal Justice Information Support,WA,1960,,2016,,2016,337766,9A,"MSA counties 100,000 or over",L,Y,N,12,12,6,,,,2016,273,68,98201,48.054913,-121.766412
20809,WA0312100,WA0312100,Mill Creek Police Department,Mill Creek,1,City,,,11322,Mill Creek,53,WA,3081,Snohomish,53061,A,23398,WAUCR0001,Washington Association of Sheriffs and Police Chiefs Uniform Crime Reporting Program Criminal Justice Information Support,WA,1988,,2016,2013,2009,19441,5,"Cities from 10,000 thru 24,999",L,Y,N,12,12,10,,,,2016,22,5,98012,48.054913,-121.766412
20847,WA0370800,WA0370800,Western Washington University,Western Washington University,3,University or College,,893,,,53,WA,3087,Whatcom,53073,A,23398,WAUCR0001,Washington Association of Sheriffs and Police Chiefs Uniform Crime Reporting Program Criminal Justice Information Support,WA,1991,,2016,2013,2010,0,7,"Cities under 2,500",L,Y,N,12,12,10,,,,2016,15,5,98225,48.842653,-121.836432
20664,WA0160100,WA0160100,Port Townsend Police Department,Port Townsend,1,City,,,11358,Port Townsend,53,WA,3066,Jefferson,53031,A,23398,WAUCR0001,Washington Association of Sheriffs and Police Chiefs Uniform Crime Reporting Program Criminal Justice Information Support,WA,1960,,2016,2013,2011,9288,6,"Cities from 2,500 thru 9,999",L,N,N,12,12,10,,,,2016,13,2,98368,47.802641,-123.52181
20875,WA0391300,WA0391300,Wapato Police Department,Wapato,1,City,,,11419,Wapato,53,WA,3089,Yakima,53077,A,23398,WAUCR0001,Washington Association of Sheriffs and Police Chiefs Uniform Crime Reporting Program Criminal Justice Information Support,WA,1960,,2016,2013,2012,5050,6,"Cities from 2,500 thru 9,999",L,Y,N,12,12,10,,,,2016,15,3,98951,46.456558,-120.740145
20866,WA0390300,WA0390300,Toppenish Police Department,Toppenish,1,City,,,11407,Toppenish,53,WA,3089,Yakima,53077,A,23398,WAUCR0001,Washington Association of Sheriffs and Police Chiefs Uniform Crime Reporting Program Criminal Justice Information Support,WA,1960,,2016,2013,2012,9001,6,"Cities from 2,500 thru 9,999",L,Y,N,12,12,10,,,,2016,13,9,98948,46.456558,-120.740145
20777,WA0271900,WA0271900,Ruston Police Department,Ruston,1,City,,,11377,Ruston,53,WA,3077,Pierce,53053,A,23398,WAUCR0001,Washington Association of Sheriffs and Police Chiefs Uniform Crime Reporting Program Criminal Justice Information Support,WA,1979,,2016,2013,2009,802,7,"Cities under 2,500",L,Y,N,12,12,10,,,,2016,3,0,98407,47.051437,-122.153228
20747,WA0240700,WA0240700,Coulee Dam Police Department,Coulee Dam,1,City,,,11254,Coulee Dam,53,WA,3074,Okanogan,53047,A,23398,WAUCR0001,Washington Association of Sheriffs and Police Chiefs Uniform Crime Reporting Program Criminal Justice Information Support,WA,1980,,2016,2013,2011,1089,7,"Cities under 2,500",L,N,N,12,12,10,,,,2016,3,0,99116,48.550971,-119.691035
20687,WA0172400,WA0172400,University of Washington,University of Washington,3,University or College,,837,,,53,WA,3067,King,53033,A,23398,WAUCR0001,Washington Association of Sheriffs and Police Chiefs Uniform Crime Reporting Program Criminal Justice Information Support,WA,1981,,2016,2013,2013,0,7,"Cities under 2,500",L,Y,N,12,12,10,,,,2016,42,39,98105,47.493554,-121.832375
20724,WA0210400,WA0210400,Mossyrock Police Department,Mossyrock,1,City,,,11328,Mossyrock,53,WA,3071,Lewis,53041,A,23398,WAUCR0001,Washington Association of Sheriffs and Police Chiefs Uniform Crime Reporting Program Criminal Justice Information Support,WA,1990,,2016,2013,2014,742,7,"Cities under 2,500",L,N,N,12,12,4,,,,2016,1,0,98564,46.580071,-122.377444
20743,WA0240300,WA0240300,Omak Police Department,Omak,1,City,,,11347,Omak,53,WA,3074,Okanogan,53047,A,23398,WAUCR0001,Washington Association of Sheriffs and Police Chiefs Uniform Crime Reporting Program Criminal Justice Information Support,WA,1960,,2016,2013,2011,4847,6,"Cities from 2,500 thru 9,999",L,N,N,12,12,10,,,,2016,11,2,98841,48.550971,-119.691035
20831,WA0340900,WA0340900,Yelm Police Department,Yelm,1,City,,,11433,Yelm,53,WA,3084,Thurston,53067,A,23398,WAUCR0001,Washington Association of Sheriffs and Police Chiefs Uniform Crime Reporting Program Criminal Justice Information Support,WA,1980,,2016,2013,2014,8592,6,"Cities from 2,500 thru 9,999",L,Y,N,12,12,10,,,,2016,12,2,98597,46.932598,-122.829441
20593,WA0010000,WA0010000,Adams County Sheriff's Office,Adams,2,County,,,,,53,WA,3051,Adams,53001,A,23398,WAUCR0001,Washington Association of Sheriffs and Police Chiefs Uniform Crime Reporting Program Criminal Justice Information Support,WA,1960,,2016,2013,2011,9899,8D,"Non-MSA counties under 10,000",L,N,N,12,12,10,,,,2016,16,19,99169,46.981572,-118.562643
20730,WA0220000,WA0220000,Lincoln County Sheriff's Office,Lincoln,2,County,,,,,53,WA,3072,Lincoln,53043,A,23398,WAUCR0001,Washington Association of Sheriffs and Police Chiefs Uniform Crime Reporting Program Criminal Justice Information Support,WA,1960,,2016,2013,2010,7972,8D,"Non-MSA counties under 10,000",L,N,N,12,12,10,,,,2016,14,10,99122,47.582718,-118.417667
20816,WA0320900,WA0320900,Eastern Washington University,Eastern Washington University,3,University or College,,182,,,53,WA,3082,Spokane,53063,A,23398,WAUCR0001,Washington Association of Sheriffs and Police Chiefs Uniform Crime Reporting Program Criminal Justice Information Support,WA,1986,,2016,2013,2011,0,7,"Cities under 2,500",L,Y,N,12,12,10,,,,2016,17,1,99004,47.620375,-117.403371
23224,WA0341000,WA0341000,State Gambling Commission Enforcement Unit,State Gambling Commission Enforcement Unit,6,Other State Agency,,,,,53,WA,3084,Thurston,53067,A,23398,WAUCR0001,Washington Association of Sheriffs and Police Chiefs Uniform Crime Reporting Program Criminal Justice Information Support,WA,2013,,2016,2013,,0,7,"Cities under 2,500",L,Y,N,12,12,4,,,,2016,54,43,     ,46.932598,-122.829441
20614,WA0060100,WA0060100,Battle Ground Police Department,Battle Ground,1,City,,,11221,Battle Ground,53,WA,3056,Clark,53011,A,23398,WAUCR0001,Washington Association of Sheriffs and Police Chiefs Uniform Crime Reporting Program Criminal Justice Information Support,WA,1976,,2016,2013,2012,19239,5,"Cities from 10,000 thru 24,999",L,Y,N,12,12,10,,,,2016,22,4,98604,45.771674,-122.485903
20626,WA0080300,WA0080300,Castle Rock Police Department,Castle Rock,1,City,,,11237,Castle Rock,53,WA,3058,Cowlitz,53015,A,23398,WAUCR0001,Washington Association of Sheriffs and Police Chiefs Uniform Crime Reporting Program Criminal Justice Information Support,WA,1974,,2016,2013,2012,2145,7,"Cities under 2,500",L,Y,N,12,12,10,,,,2016,5,1,98611,46.185923,-122.658682
20779,WA0272300,WA0272300,Lakewood Police Department,Lakewood,1,City,,,11307,Lakewood,53,WA,3077,Pierce,53053,A,23398,WAUCR0001,Washington Association of Sheriffs and Police Chiefs Uniform Crime Reporting Program Criminal Justice Information Support,WA,1998,,2016,2013,2007,59958,3,"Cities from 50,000 thru 99,000",L,N,Y,12,12,10,,,,2016,96,16,98499,47.051437,-122.153228
20608,WA0050000,WA0050000,Clallam County Sheriff's Office,Clallam,2,County,,,,,53,WA,3055,Clallam,53009,A,23398,WAUCR0001,Washington Association of Sheriffs and Police Chiefs Uniform Crime Reporting Program Criminal Justice Information Support,WA,1960,,2016,2013,2011,43449,8B,"Non-MSA counties from 25,000 thru 99,999",L,N,N,12,12,10,,,,2016,35,8,98362,48.110903,-123.88986
20674,WA0171000,WA0171000,Normandy Park Police Department,Normandy Park,1,City,,,11336,Normandy Park,53,WA,3067,King,53033,A,23398,WAUCR0001,Washington Association of Sheriffs and Police Chiefs Uniform Crime Reporting Program Criminal Justice Information Support,WA,1960,,2016,2013,2012,6682,6,"Cities from 2,500 thru 9,999",L,Y,N,12,12,10,,,,2016,6,1,98166,47.493554,-121.832375
20594,WA0010100,WA0010100,Othello Police Department,Othello,1,City,,,11350,Othello,53,WA,3051,Adams,53001,A,23398,WAUCR0001,Washington Association of Sheriffs and Police Chiefs Uniform Crime Reporting Program Criminal Justice Information Support,WA,1960,,2016,2013,2011,7785,6,"Cities from 2,500 thru 9,999",L,N,N,12,12,10,,,,2016,14,7,99344,46.981572,-118.562643
20643,WA0130400,WA0130400,Soap Lake Police Department,Soap Lake,1,City,,,11388,Soap Lake,53,WA,3063,Grant,53025,A,23398,WAUCR0001,Washington Association of Sheriffs and Police Chiefs Uniform Crime Reporting Program Criminal Justice Information Support,WA,1980,,2016,2014,2015,1594,7,"Cities under 2,500",L,N,N,12,12,7,,,,2016,4,1,98851,47.213633,-119.467788
20705,WA0180100,WA0180100,Bremerton Police Department,Bremerton,1,City,,,11230,Bremerton,53,WA,3068,Kitsap,53035,A,23398,WAUCR0001,Washington Association of Sheriffs and Police Chiefs Uniform Crime Reporting Program Criminal Justice Information Support,WA,1960,,2016,2013,2011,38755,4,"Cities from 25,000 thru 49,999",L,N,Y,12,12,10,,,,2016,55,12,98337,47.639687,-122.649636
20798,WA0310600,WA0310600,Mountlake Terrace Police Department,Mountlake Terrace,1,City,,,11330,Mountlake Terrace,53,WA,3081,Snohomish,53061,A,23398,WAUCR0001,Washington Association of Sheriffs and Police Chiefs Uniform Crime Reporting Program Criminal Justice Information Support,WA,1960,,2016,2013,2011,21051,5,"Cities from 10,000 thru 24,999",L,Y,N,12,12,10,,,,2016,26,7,98043,48.054913,-121.766412
20801,WA0310900,WA0310900,Darrington Police Department,Darrington,1,City,,,11258,Darrington,53,WA,3081,Snohomish,53061,A,23398,WAUCR0001,Washington Association of Sheriffs and Police Chiefs Uniform Crime Reporting Program Criminal Justice Information Support,WA,1995,,2016,2014,2016,1375,7,"Cities under 2,500",L,Y,N,12,12,1,,,,2016,1,0,98241,48.054913,-121.766412
20658,WA0140900,WA0140900,Westport Police Department,Westport,1,City,,,11424,Westport,53,WA,3064,Grays Harbor,53027,A,23398,WAUCR0001,Washington Association of Sheriffs and Police Chiefs Uniform Crime Reporting Program Criminal Justice Information Support,WA,1976,,2016,2013,2010,2002,7,"Cities under 2,500",L,N,N,12,12,10,,,,2016,7,1,98595,47.142786,-123.827043
20738,WA0230000,WA0230000,Mason County Sheriff's Office,Mason,2,County,,,,,53,WA,3073,Mason,53045,A,23398,WAUCR0001,Washington Association of Sheriffs and Police Chiefs Uniform Crime Reporting Program Criminal Justice Information Support,WA,1960,,2016,2013,2012,51164,8B,"Non-MSA counties from 25,000 thru 99,999",L,N,N,12,12,10,,,,2016,52,44,98584,47.354126,-123.17385
20774,WA0271600,WA0271600,Dupont Police Department,Dupont,1,City,,,11262,Dupont,53,WA,3077,Pierce,53053,A,23398,WAUCR0001,Washington Association of Sheriffs and Police Chiefs Uniform Crime Reporting Program Criminal Justice Information Support,WA,1980,,2016,2013,2007,9597,6,"Cities from 2,500 thru 9,999",L,Y,N,12,12,10,,,,2016,12,1,98327,47.051437,-122.153228
20844,WA0370400,WA0370400,Ferndale Police Department,Ferndale,1,City,,,11276,Ferndale,53,WA,3087,Whatcom,53073,A,23398,WAUCR0001,Washington Association of Sheriffs and Police Chiefs Uniform Crime Reporting Program Criminal Justice Information Support,WA,1980,,2016,2013,2011,13029,5,"Cities from 10,000 thru 24,999",L,Y,N,12,12,10,,,,2016,19,3,98248,48.842653,-121.836432
20776,WA0271800,WA0271800,Gig Harbor Police Department,Gig Harbor,1,City,,,11281,Gig Harbor,53,WA,3077,Pierce,53053,A,23398,WAUCR0001,Washington Association of Sheriffs and Police Chiefs Uniform Crime Reporting Program Criminal Justice Information Support,WA,1979,,2016,2013,2007,8724,6,"Cities from 2,500 thru 9,999",L,Y,N,12,12,10,,,,2016,16,2,98355,47.051437,-122.153228
20889,WADI05900,WADI05900,Lummi Tribal,Lummi Tribal,7,Tribal,83,,,,53,WA,3684,,,A,23398,WAUCR0001,Washington Association of Sheriffs and Police Chiefs Uniform Crime Reporting Program Criminal Justice Information Support,WA,2008,,2016,2013,2012,0,7,"Cities under 2,500",L,Y,N,12,12,9,,,,2016,24,2,98226,48.842653,-121.836432
20818,WA0321500,WA0321500,Spokane Valley Police Department,Spokane Valley,1,City,,,11391,Spokane Valley,53,WA,3082,Spokane,53063,A,23398,WAUCR0001,Washington Association of Sheriffs and Police Chiefs Uniform Crime Reporting Program Criminal Justice Information Support,WA,2003,,2016,,,92157,3,"Cities from 50,000 thru 99,000",L,N,Y,12,6,10,,,,2016,101,1,99216,47.620375,-117.403371
20805,WA0311400,WA0311400,Stanwood Police Department,Stanwood,1,City,,,11394,Stanwood,53,WA,3081,Snohomish,53061,A,23398,WAUCR0001,Washington Association of Sheriffs and Police Chiefs Uniform Crime Reporting Program Criminal Justice Information Support,WA,1984,,2016,,2016,6864,6,"Cities from 2,500 thru 9,999",L,Y,N,12,12,10,,,,2016,11,2,98292,48.054913,-121.766412
20804,WA0311300,WA0311300,Mukilteo Police Department,Mukilteo,1,City,,,11332,Mukilteo,53,WA,3081,Snohomish,53061,A,23398,WAUCR0001,Washington Association of Sheriffs and Police Chiefs Uniform Crime Reporting Program Criminal Justice Information Support,WA,1983,,2016,,2016,21171,5,"Cities from 10,000 thru 24,999",L,Y,N,12,12,10,,,,2016,26,5,98275,48.054913,-121.766412
20876,WA0391400,WA0391400,Moxee Police Department,Moxee,1,City,,,11331,Moxee,53,WA,3089,Yakima,53077,A,23398,WAUCR0001,Washington Association of Sheriffs and Police Chiefs Uniform Crime Reporting Program Criminal Justice Information Support,WA,1996,,2016,2013,2010,3871,6,"Cities from 2,500 thru 9,999",L,Y,N,12,12,10,,,,2016,5,0,98936,46.456558,-120.740145
20835,WA0350000,WA0350000,Wahkiakum County Sheriff's Office,Wahkiakum,2,County,,,,,53,WA,3085,Wahkiakum,53069,A,23398,WAUCR0001,Washington Association of Sheriffs and Police Chiefs Uniform Crime Reporting Program Criminal Justice Information Support,WA,1960,,2016,2013,2010,4107,8D,"Non-MSA counties under 10,000",L,N,N,12,12,10,,,,2016,8,11,98612,46.294638,-123.424458
20838,WA0360200,WA0360200,College Place Police Department,College Place,1,City,,,11247,College Place,53,WA,3086,Walla Walla,53071,A,23398,WAUCR0001,Washington Association of Sheriffs and Police Chiefs Uniform Crime Reporting Program Criminal Justice Information Support,WA,1960,,2016,2013,2009,9046,6,"Cities from 2,500 thru 9,999",L,Y,N,12,12,10,,,,2016,10,3,99324,46.254606,-118.480374
20810,WA0320000,WA0320000,Spokane County Sheriff's Office,Spokane,2,County,,,,,53,WA,3082,Spokane,53063,A,23398,WAUCR0001,Washington Association of Sheriffs and Police Chiefs Uniform Crime Reporting Program Criminal Justice Information Support,WA,1960,,2016,,,157188,9A,"MSA counties 100,000 or over",L,Y,N,12,5,10,,,,2016,119,63,99260,47.620375,-117.403371
20723,WA0210300,WA0210300,Morton Police Department,Morton,1,City,,,11326,Morton,53,WA,3071,Lewis,53041,A,23398,WAUCR0001,Washington Association of Sheriffs and Police Chiefs Uniform Crime Reporting Program Criminal Justice Information Support,WA,1979,,2016,2013,2012,1115,7,"Cities under 2,500",L,N,N,12,12,10,,,,2016,3,0,98356,46.580071,-122.377444
20627,WA0080400,WA0080400,Kalama Police Department,Kalama,1,City,,,11293,Kalama,53,WA,3058,Cowlitz,53015,A,23398,WAUCR0001,Washington Association of Sheriffs and Police Chiefs Uniform Crime Reporting Program Criminal Justice Information Support,WA,1979,,2016,2013,2010,2349,7,"Cities under 2,500",L,Y,N,12,12,10,,,,2016,6,1,98625,46.185923,-122.658682
20821,WA0330200,WA0330200,Colville Police Department,Colville,1,City,,,11249,Colville,53,WA,3083,Stevens,53065,A,23398,WAUCR0001,Washington Association of Sheriffs and Police Chiefs Uniform Crime Reporting Program Criminal Justice Information Support,WA,1960,,2016,2013,2010,4714,6,"Cities from 2,500 thru 9,999",L,Y,N,12,12,10,,,,2016,10,2,99114,48.390648,-117.854897
20834,WA034225Y,WA0342200,State Insurance Commissioner Special Investigations Unit,State Insurance Commissioner Special Investigations Unit,6,Other State Agency,,,,,53,WA,3084,Thurston,53067,A,23398,WAUCR0001,Washington Association of Sheriffs and Police Chiefs Uniform Crime Reporting Program Criminal Justice Information Support,WA,2009,,2016,2013,2013,0,7,"Cities under 2,500",L,Y,N,12,12,7,,,,2016,6,4,,,
20718,WA0200200,WA0200200,Bingen Police Department,Bingen,1,City,,,11225,Bingen,53,WA,3070,Klickitat,53039,A,23398,WAUCR0001,Washington Association of Sheriffs and Police Chiefs Uniform Crime Reporting Program Criminal Justice Information Support,WA,1984,,2016,2013,2010,721,7,"Cities under 2,500",L,N,N,12,12,10,,,,2016,1,0,98605,45.869509,-120.780117
20642,WA0130300,WA0130300,Quincy Police Department,Quincy,1,City,,,11363,Quincy,53,WA,3063,Grant,53025,A,23398,WAUCR0001,Washington Association of Sheriffs and Police Chiefs Uniform Crime Reporting Program Criminal Justice Information Support,WA,1960,,2016,2013,2012,7499,6,"Cities from 2,500 thru 9,999",L,N,N,12,12,10,,,,2016,17,8,98848,47.213633,-119.467788
20729,WA0211200,WA0211200,Winlock Police Department,Winlock,1,City,,,11428,Winlock,53,WA,3071,Lewis,53041,A,23398,WAUCR0001,Washington Association of Sheriffs and Police Chiefs Uniform Crime Reporting Program Criminal Justice Information Support,WA,1985,,2016,2013,2011,1301,7,"Cities under 2,500",L,N,N,12,12,10,,,,2016,1,0,98596,46.580071,-122.377444
20623,WA0080000,WA0080000,Cowlitz County Sheriff's Office,Cowlitz,2,County,,,,,53,WA,3058,Cowlitz,53015,A,23398,WAUCR0001,Washington Association of Sheriffs and Police Chiefs Uniform Crime Reporting Program Criminal Justice Information Support,WA,1960,,2016,2013,2011,44127,9B,"MSA counties from 25,000 thru 99,999",L,Y,N,12,12,10,,,,2016,41,6,98626,46.185923,-122.658682
20649,WA0140000,WA0140000,Grays Harbor County Sheriff's Office,Grays Harbor,2,County,,,,,53,WA,3064,Grays Harbor,53027,A,23398,WAUCR0001,Washington Association of Sheriffs and Police Chiefs Uniform Crime Reporting Program Criminal Justice Information Support,WA,1960,,2016,2013,2013,27867,8B,"Non-MSA counties from 25,000 thru 99,999",L,N,N,12,12,9,,,,2016,60,13,98563,47.142786,-123.827043
20640,WA0130100,WA0130100,Ephrata Police Department,Ephrata,1,City,,,11272,Ephrata,53,WA,3063,Grant,53025,A,23398,WAUCR0001,Washington Association of Sheriffs and Police Chiefs Uniform Crime Reporting Program Criminal Justice Information Support,WA,1960,,2016,2013,2012,8114,6,"Cities from 2,500 thru 9,999",L,N,N,12,12,10,,,,2016,15,3,98823,47.213633,-119.467788
20683,WA0172000,WA0172000,Medina Police Department,Medina,1,City,,,11320,Medina,53,WA,3067,King,53033,A,23398,WAUCR0001,Washington Association of Sheriffs and Police Chiefs Uniform Crime Reporting Program Criminal Justice Information Support,WA,1971,,2016,2013,2012,3243,6,"Cities from 2,500 thru 9,999",L,Y,N,12,12,10,,,,2016,8,1,98039,47.493554,-121.832375
20669,WA0170400,WA0170400,Enumclaw Police Department,Enumclaw,1,City,,,11271,Enumclaw,53,WA,3067,King,53033,A,23398,WAUCR0001,Washington Association of Sheriffs and Police Chiefs Uniform Crime Reporting Program Criminal Justice Information Support,WA,1960,,2016,2013,2013,11657,5,"Cities from 10,000 thru 24,999",L,Y,N,12,12,10,,,,2016,17,13,98022,47.493554,-121.832375
20637,WA0120000,WA0120000,Garfield County Sheriff's Office,Garfield,2,County,,,,,53,WA,3062,Garfield,53023,A,23398,WAUCR0001,Washington Association of Sheriffs and Police Chiefs Uniform Crime Reporting Program Criminal Justice Information Support,WA,1960,,2016,2013,2012,2211,8D,"Non-MSA counties under 10,000",L,N,N,12,12,10,,,,2016,8,7,99347,46.429474,-117.536714
20619,WA0060600,WA0060600,La Center Police Department,La Center,1,City,,,11301,La Center,53,WA,3056,Clark,53011,A,23398,WAUCR0001,Washington Association of Sheriffs and Police Chiefs Uniform Crime Reporting Program Criminal Justice Information Support,WA,1992,,2016,2013,2010,3134,6,"Cities from 2,500 thru 9,999",L,Y,N,12,12,10,,,,2016,8,2,98629,45.771674,-122.485903
25855,WA0311800,WA0311800,Index Police Department,Index,1,City,,,12334,Index,53,WA,3081,Snohomish,53061,A,23398,WAUCR0001,Washington Association of Sheriffs and Police Chiefs Uniform Crime Reporting Program Criminal Justice Information Support,WA,2016,,2016,2016,,194,7,"Cities under 2,500",M,Y,N,11,11,0,,,,,,,     ,48.054913,-121.766412
20720,WA0210000,WA0210000,Lewis County Sheriff's Office,Lewis,2,County,,,,,53,WA,3071,Lewis,53041,A,23398,WAUCR0001,Washington Association of Sheriffs and Police Chiefs Uniform Crime Reporting Program Criminal Justice Information Support,WA,1960,,2016,2013,2012,45130,8B,"Non-MSA counties from 25,000 thru 99,999",L,N,N,12,12,10,,,,2016,35,15,98532,46.580071,-122.377444
20677,WA0171300,WA0171300,Renton Police Department,Renton,1,City,,,11368,Renton,53,WA,3067,King,53033,A,23398,WAUCR0001,Washington Association of Sheriffs and Police Chiefs Uniform Crime Reporting Program Criminal Justice Information Support,WA,1960,,2016,2013,2012,100015,2,"Cities from 100,000 thru 249,000",L,N,Y,12,12,10,,,,2016,117,29,98057,47.493554,-121.832375
20673,WA0170900,WA0170900,Mercer Island Police Department,Mercer Island,1,City,,,11321,Mercer Island,53,WA,3067,King,53033,A,23398,WAUCR0001,Washington Association of Sheriffs and Police Chiefs Uniform Crime Reporting Program Criminal Justice Information Support,WA,1961,,2016,2013,2013,24737,5,"Cities from 10,000 thru 24,999",L,Y,N,12,12,10,,,,2016,31,4,98040,47.493554,-121.832375
20901,WAWSP0000,WAWSP0000,Washington State Patrol,Washington State Patrol,4,State Police,,,,,53,WA,3684,,,A,23398,WAUCR0001,Washington Association of Sheriffs and Police Chiefs Uniform Crime Reporting Program Criminal Justice Information Support,WA,1973,,2016,2013,2012,0,8D,"Non-MSA counties under 10,000",L,N,N,12,12,5,,,,2016,986,1145,98504,46.932598,-122.829441
20750,WA0241000,WA0241000,Winthrop Police Department,Winthrop,1,City,,,11429,Winthrop,53,WA,3074,Okanogan,53047,A,23398,WAUCR0001,Washington Association of Sheriffs and Police Chiefs Uniform Crime Reporting Program Criminal Justice Information Support,WA,1991,,2016,2013,2011,416,7,"Cities under 2,500",L,N,N,12,12,10,,,,2016,1,1,98862,48.550971,-119.691035
20685,WA0172200,WA0172200,Snoqualmie Police Department,Snoqualmie,1,City,,,11387,Snoqualmie,53,WA,3067,King,53033,A,23398,WAUCR0001,Washington Association of Sheriffs and Police Chiefs Uniform Crime Reporting Program Criminal Justice Information Support,WA,1980,,2016,2013,2012,13148,5,"Cities from 10,000 thru 24,999",L,Y,N,12,12,10,,,,2016,21,4,98065,47.493554,-121.832375
20610,WA0050200,WA0050200,Forks Police Department,Forks,1,City,,,11279,Forks,53,WA,3055,Clallam,53009,A,23398,WAUCR0001,Washington Association of Sheriffs and Police Chiefs Uniform Crime Reporting Program Criminal Justice Information Support,WA,1982,,2016,2013,,3759,6,"Cities from 2,500 thru 9,999",L,N,N,10,10,9,,,,2016,5,7,98331,48.110903,-123.88986
20786,WA0290300,WA0290300,Sedro Woolley Police Department,Sedro Woolley,1,City,,,11380,Sedro Woolley,53,WA,3079,Skagit,53057,A,23398,WAUCR0001,Washington Association of Sheriffs and Police Chiefs Uniform Crime Reporting Program Criminal Justice Information Support,WA,1960,,2016,2013,2012,10808,5,"Cities from 10,000 thru 24,999",L,Y,N,12,12,10,,,,2016,17,3,98284,48.493292,-121.81577
25838,WA0311000,WA0311000,Gold Bar Police Department,Gold Bar,1,City,,,12315,Gold Bar,53,WA,3081,Snohomish,53061,A,23398,WAUCR0001,Washington Association of Sheriffs and Police Chiefs Uniform Crime Reporting Program Criminal Justice Information Support,WA,2016,,2016,2016,,2108,7,"Cities under 2,500",M,Y,N,12,12,1,,,,,,,     ,48.054913,-121.766412
20739,WA0230400,WA0230400,Shelton Police Department,Shelton,1,City,,,11383,Shelton,53,WA,3073,Mason,53045,A,23398,WAUCR0001,Washington Association of Sheriffs and Police Chiefs Uniform Crime Reporting Program Criminal Justice Information Support,WA,1960,,2016,2013,2012,9758,6,"Cities from 2,500 thru 9,999",L,N,N,12,12,10,,,,2016,18,2,98584,47.354126,-123.17385
20617,WA0060400,WA0060400,Washougal Police Department,Washougal,1,City,,,11421,Washougal,53,WA,3056,Clark,53011,A,23398,WAUCR0001,Washington Association of Sheriffs and Police Chiefs Uniform Crime Reporting Program Criminal Justice Information Support,WA,1960,,2016,2013,2013,15220,5,"Cities from 10,000 thru 24,999",L,Y,N,12,12,10,,,,2016,20,5,98671,45.771674,-122.485903
20647,WA0131000,WA0131000,Royal City Police Department,Royal City,1,City,,,11376,Royal City,53,WA,3063,Grant,53025,A,23398,WAUCR0001,Washington Association of Sheriffs and Police Chiefs Uniform Crime Reporting Program Criminal Justice Information Support,WA,1995,,2016,2013,2010,2234,7,"Cities under 2,500",L,N,N,12,12,10,,,,2016,3,0,99357,47.213633,-119.467788
20666,WA0170100,WA0170100,Auburn Police Department,Auburn,1,City,,,11219,Auburn,53,WA,3067,King,53033,A,23398,WAUCR0001,Washington Association of Sheriffs and Police Chiefs Uniform Crime Reporting Program Criminal Justice Information Support,WA,1960,,2016,2013,2013,77914,3,"Cities from 50,000 thru 99,000",L,N,Y,12,12,10,,,,2016,108,20,98002,47.493554,-121.832375
20710,WA0190000,WA0190000,Kittitas County Sheriff's Office,Kittitas,2,County,,,,,53,WA,3069,Kittitas,53037,A,23398,WAUCR0001,Washington Association of Sheriffs and Police Chiefs Uniform Crime Reporting Program Criminal Justice Information Support,WA,1960,,2016,2013,2012,19957,8C,"Non-MSA counties from 10,000 thru 24,999",L,N,N,12,12,10,,,,2016,32,39,98926,47.124444,-120.676714
20865,WA0390200,WA0390200,Sunnyside Police Department,Sunnyside,1,City,,,11400,Sunnyside,53,WA,3089,Yakima,53077,A,23398,WAUCR0001,Washington Association of Sheriffs and Police Chiefs Uniform Crime Reporting Program Criminal Justice Information Support,WA,1960,,2016,2013,2012,16198,5,"Cities from 10,000 thru 24,999",L,Y,N,12,12,10,,,,2016,28,23,98944,46.456558,-120.740145
20598,WA0020200,WA0020200,Asotin Police Department,Asotin,1,City,,,11218,Asotin,53,WA,3052,Asotin,53003,A,23398,WAUCR0001,Washington Association of Sheriffs and Police Chiefs Uniform Crime Reporting Program Criminal Justice Information Support,WA,2005,,2016,2013,2012,1299,7,"Cities under 2,500",L,N,Y,12,12,10,,,,2016,3,0,99402,46.181861,-117.227781
20646,WA0130900,WA0130900,Mattawa Police Department,Mattawa,1,City,,,11318,Mattawa,53,WA,3063,Grant,53025,A,23398,WAUCR0001,Washington Association of Sheriffs and Police Chiefs Uniform Crime Reporting Program Criminal Justice Information Support,WA,1996,,2016,2013,2013,4612,6,"Cities from 2,500 thru 9,999",L,N,N,12,12,4,,,,2016,4,0,99349,47.213633,-119.467788
20652,WA0140300,WA0140300,Hoquiam Police Department,Hoquiam,1,City,,,11289,Hoquiam,53,WA,3064,Grays Harbor,53027,A,23398,WAUCR0001,Washington Association of Sheriffs and Police Chiefs Uniform Crime Reporting Program Criminal Justice Information Support,WA,1960,,2016,2013,2015,8307,6,"Cities from 2,500 thru 9,999",L,N,N,12,12,9,,,,2016,23,1,98550,47.142786,-123.827043
20707,WA0180400,WA0180400,Port Orchard Police Department,Port Orchard,1,City,,,11357,Port Orchard,53,WA,3068,Kitsap,53035,A,23398,WAUCR0001,Washington Association of Sheriffs and Police Chiefs Uniform Crime Reporting Program Criminal Justice Information Support,WA,1960,,2016,2013,2012,13535,5,"Cities from 10,000 thru 24,999",L,Y,N,12,12,10,,,,2016,23,2,98366,47.639687,-122.649636
20817,WA0321300,WA0321300,Liberty Lake Police Department,Liberty Lake,1,City,,,11309,Liberty Lake,53,WA,3082,Spokane,53063,A,23398,WAUCR0001,Washington Association of Sheriffs and Police Chiefs Uniform Crime Reporting Program Criminal Justice Information Support,WA,2004,,2016,2013,2011,8911,6,"Cities from 2,500 thru 9,999",L,Y,N,12,12,10,,,,2016,11,1,99109,47.620375,-117.403371
20689,WA0172600,WA0172600,Lake Forest Park Police Department,Lake Forest Park,1,City,,,11305,Lake Forest Park,53,WA,3067,King,53033,A,23398,WAUCR0001,Washington Association of Sheriffs and Police Chiefs Uniform Crime Reporting Program Criminal Justice Information Support,WA,1990,,2016,2013,2012,13327,5,"Cities from 10,000 thru 24,999",L,Y,N,12,12,10,,,,2016,19,4,98155,47.493554,-121.832375
20721,WA0210100,WA0210100,Centralia Police Department,Centralia,1,City,,,11238,Centralia,53,WA,3071,Lewis,53041,A,23398,WAUCR0001,Washington Association of Sheriffs and Police Chiefs Uniform Crime Reporting Program Criminal Justice Information Support,WA,1960,,2016,2013,2011,16632,5,"Cities from 10,000 thru 24,999",L,N,N,12,12,10,,,,2016,27,9,98531,46.580071,-122.377444
20661,WA0150200,WA0150200,Coupeville Police Department,Coupeville,1,City,,,11255,Coupeville,53,WA,3065,Island,53029,A,23398,WAUCR0001,Washington Association of Sheriffs and Police Chiefs Uniform Crime Reporting Program Criminal Justice Information Support,WA,1998,,2016,2013,,1866,7,"Cities under 2,500",L,N,N,11,11,9,,,,2016,1,0,98239,48.158554,-122.670649
20849,WA0380000,WA0380000,Whitman County Sheriff's Office,Whitman,2,County,,,,,53,WA,3088,Whitman,53075,A,23398,WAUCR0001,Washington Association of Sheriffs and Police Chiefs Uniform Crime Reporting Program Criminal Justice Information Support,WA,1960,,2016,2013,2009,9169,8D,"Non-MSA counties under 10,000",L,N,N,12,12,10,,,,2016,18,3,99111,46.903322,-117.522962
20808,WA0311900,WA0311900,Lake Stevens Police Department,Lake Stevens,1,City,,,11306,Lake Stevens,53,WA,3081,Snohomish,53061,A,23398,WAUCR0001,Washington Association of Sheriffs and Police Chiefs Uniform Crime Reporting Program Criminal Justice Information Support,WA,1980,,2016,2013,2013,30815,4,"Cities from 25,000 thru 49,999",L,Y,N,12,12,10,,,,2016,27,6,98258,48.054913,-121.766412
20806,WA0311500,WA0311500,Sultan Police Department,Sultan,1,City,,,11397,Sultan,53,WA,3081,Snohomish,53061,A,23398,WAUCR0001,Washington Association of Sheriffs and Police Chiefs Uniform Crime Reporting Program Criminal Justice Information Support,WA,1984,,2016,,2016,4797,6,"Cities from 2,500 thru 9,999",L,Y,N,12,12,7,,,,2015,1,0,98294,48.054913,-121.766412
20684,WA0172100,WA0172100,Pacific Police Department,Pacific,1,City,,,11351,Pacific,53,WA,3067,King,53033,A,23398,WAUCR0001,Washington Association of Sheriffs and Police Chiefs Uniform Crime Reporting Program Criminal Justice Information Support,WA,1976,,2016,2013,2012,7199,6,"Cities from 2,500 thru 9,999",L,Y,N,12,12,10,,,,2016,12,2,98047,47.493554,-121.832375
20624,WA0080100,WA0080100,Kelso Police Department,Kelso,1,City,,,11294,Kelso,53,WA,3058,Cowlitz,53015,A,23398,WAUCR0001,Washington Association of Sheriffs and Police Chiefs Uniform Crime Reporting Program Criminal Justice Information Support,WA,1960,,2016,2013,2012,11756,5,"Cities from 10,000 thru 24,999",L,Y,N,12,12,10,,,,2016,27,4,98626,46.185923,-122.658682
20811,WA0320100,WA0320100,Cheney Police Department,Cheney,1,City,,,11241,Cheney,53,WA,3082,Spokane,53063,A,23398,WAUCR0001,Washington Association of Sheriffs and Police Chiefs Uniform Crime Reporting Program Criminal Justice Information Support,WA,1960,,2016,2013,2010,11601,5,"Cities from 10,000 thru 24,999",L,Y,N,12,12,10,,,,2016,15,6,99004,47.620375,-117.403371
20678,WA0171400,WA0171400,Algona Police Department,Algona,1,City,,,11215,Algona,53,WA,3067,King,53033,A,23398,WAUCR0001,Washington Association of Sheriffs and Police Chiefs Uniform Crime Reporting Program Criminal Justice Information Support,WA,1978,,2016,2013,2012,3158,6,"Cities from 2,500 thru 9,999",L,Y,N,12,12,10,,,,2016,7,0,98001,47.493554,-121.832375
20794,WA0310200,WA0310200,Edmonds Police Department,Edmonds,1,City,,,11267,Edmonds,53,WA,3081,Snohomish,53061,A,23398,WAUCR0001,Washington Association of Sheriffs and Police Chiefs Uniform Crime Reporting Program Criminal Justice Information Support,WA,1960,,2016,,2016,41187,4,"Cities from 25,000 thru 49,999",L,Y,N,12,12,10,,,,2016,54,9,98020,48.054913,-121.766412
20768,WA0270700,WA0270700,Fife Police Department,Fife,1,City,,,11277,Fife,53,WA,3077,Pierce,53053,A,23398,WAUCR0001,Washington Association of Sheriffs and Police Chiefs Uniform Crime Reporting Program Criminal Justice Information Support,WA,1981,,2016,2013,2013,9642,6,"Cities from 2,500 thru 9,999",L,Y,N,12,12,10,,,,2016,30,10,98424,47.051437,-122.153228
20628,WA0080500,WA0080500,Woodland Police Department,Woodland,1,City,,,11430,Woodland,53,WA,3058,Cowlitz,53015,A,23398,WAUCR0001,Washington Association of Sheriffs and Police Chiefs Uniform Crime Reporting Program Criminal Justice Information Support,WA,1976,,2016,2013,2012,5748,6,"Cities from 2,500 thru 9,999",L,Y,N,12,12,10,,,,2016,10,2,98674,46.185923,-122.658682
20800,WA0310800,WA0310800,Brier Police Department,Brier,1,City,,,11232,Brier,53,WA,3081,Snohomish,53061,A,23398,WAUCR0001,Washington Association of Sheriffs and Police Chiefs Uniform Crime Reporting Program Criminal Justice Information Support,WA,1971,,2016,2013,2009,6521,6,"Cities from 2,500 thru 9,999",L,Y,N,12,12,10,,,,2016,7,1,98036,48.054913,-121.766412
20639,WA0130000,WA0130000,Grant County Sheriff's Office,Grant,2,County,,,,,53,WA,3063,Grant,53025,A,23398,WAUCR0001,Washington Association of Sheriffs and Police Chiefs Uniform Crime Reporting Program Criminal Justice Information Support,WA,1960,,2016,2013,2012,44502,8B,"Non-MSA counties from 25,000 thru 99,999",L,N,N,12,12,10,,,,2016,50,16,98823,47.213633,-119.467788
20837,WA0360100,WA0360100,Walla Walla Police Department,Walla Walla,1,City,,,11418,Walla Walla,53,WA,3086,Walla Walla,53071,A,23398,WAUCR0001,Washington Association of Sheriffs and Police Chiefs Uniform Crime Reporting Program Criminal Justice Information Support,WA,1960,,2016,2013,2013,31940,4,"Cities from 25,000 thru 49,999",L,N,Y,12,12,10,,,,2016,46,25,99362,46.254606,-118.480374
20613,WA0060000,WA0060000,Clark County Sheriff's Office,Clark,2,County,,,,,53,WA,3056,Clark,53011,A,23398,WAUCR0001,Washington Association of Sheriffs and Police Chiefs Uniform Crime Reporting Program Criminal Justice Information Support,WA,1960,,2016,2013,2012,221967,9A,"MSA counties 100,000 or over",L,Y,N,12,12,10,,,,2016,134,77,98666,45.771674,-122.485903
20755,WA0250200,WA0250200,South Bend Police Department,South Bend,1,City,,,11389,South Bend,53,WA,3075,Pacific,53049,A,23398,WAUCR0001,Washington Association of Sheriffs and Police Chiefs Uniform Crime Reporting Program Criminal Justice Information Support,WA,1976,,2016,2013,2014,1585,7,"Cities under 2,500",L,N,N,12,12,8,,,,2016,4,1,98586,46.556587,-123.782419
20634,WA0110000,WA0110000,Franklin County Sheriff's Office,Franklin,2,County,,,,,53,WA,3061,Franklin,53021,A,23398,WAUCR0001,Washington Association of Sheriffs and Police Chiefs Uniform Crime Reporting Program Criminal Justice Information Support,WA,1960,,2016,2013,2011,14260,9C,"MSA counties from 10,000 thru 24,999",L,Y,N,12,12,10,,,,2016,27,58,99301,46.53458,-118.906944
20757,WA0250400,WA0250400,Long Beach Police Department,Long Beach,1,City,,,11310,Long Beach,53,WA,3075,Pacific,53049,A,23398,WAUCR0001,Washington Association of Sheriffs and Police Chiefs Uniform Crime Reporting Program Criminal Justice Information Support,WA,1978,,2016,2013,2010,1335,7,"Cities under 2,500",L,N,N,12,12,10,,,,2016,6,1,98631,46.556587,-123.782419
20671,WA0170700,WA0170700,Kent Police Department,Kent,1,City,,,11297,Kent,53,WA,3067,King,53033,A,23398,WAUCR0001,Washington Association of Sheriffs and Police Chiefs Uniform Crime Reporting Program Criminal Justice Information Support,WA,1960,,2016,2013,2014,127259,2,"Cities from 100,000 thru 249,000",L,N,Y,12,12,10,,,,2016,139,49,98032,47.493554,-121.832375
20601,WA0030200,WA0030200,Richland Police Department,Richland,1,City,,,11370,Richland,53,WA,3053,Benton,53005,A,23398,WAUCR0001,Washington Association of Sheriffs and Police Chiefs Uniform Crime Reporting Program Criminal Justice Information Support,WA,1960,,2016,2013,2011,54218,3,"Cities from 50,000 thru 99,000",L,N,Y,12,12,10,,,,2016,62,14,99352,46.228072,-119.516864
20654,WA0140500,WA0140500,Montesano Police Department,Montesano,1,City,,,11325,Montesano,53,WA,3064,Grays Harbor,53027,A,23398,WAUCR0001,Washington Association of Sheriffs and Police Chiefs Uniform Crime Reporting Program Criminal Justice Information Support,WA,1976,,2016,2013,2010,3834,6,"Cities from 2,500 thru 9,999",L,N,N,12,12,10,,,,2016,8,1,98563,47.142786,-123.827043
20672,WA0170800,WA0170800,Kirkland Police Department,Kirkland,1,City,,,11299,Kirkland,53,WA,3067,King,53033,A,23398,WAUCR0001,Washington Association of Sheriffs and Police Chiefs Uniform Crime Reporting Program Criminal Justice Information Support,WA,1960,,2016,2013,2012,87040,3,"Cities from 50,000 thru 99,000",L,N,N,12,12,10,,,,2016,94,36,98033,47.493554,-121.832375
20780,WA0272400,WA0272400,University Place Police Department,University Place,1,City,,,11414,University Place,53,WA,3077,Pierce,53053,A,23398,WAUCR0001,Washington Association of Sheriffs and Police Chiefs Uniform Crime Reporting Program Criminal Justice Information Support,WA,1998,,2016,2013,2007,32577,4,"Cities from 25,000 thru 49,999",L,Y,N,12,12,10,,,,2016,15,1,98466,47.051437,-122.153228
20663,WA0160000,WA0160000,Jefferson County Sheriff's Office,Jefferson,2,County,,,,,53,WA,3066,Jefferson,53031,A,23398,WAUCR0001,Washington Association of Sheriffs and Police Chiefs Uniform Crime Reporting Program Criminal Justice Information Support,WA,1960,,2016,2013,2011,21132,8C,"Non-MSA counties from 10,000 thru 24,999",L,N,N,12,12,10,,,,2016,23,22,98339,47.802641,-123.52181
20766,WA0270400,WA0270400,Buckley Police Department,Buckley,1,City,,,11233,Buckley,53,WA,3077,Pierce,53053,A,23398,WAUCR0001,Washington Association of Sheriffs and Police Chiefs Uniform Crime Reporting Program Criminal Justice Information Support,WA,1960,,2016,2013,2013,5051,6,"Cities from 2,500 thru 9,999",L,Y,N,12,12,10,,,,2016,10,2,98321,47.051437,-122.153228
20787,WA0290400,WA0290400,Burlington Police Department,Burlington,1,City,,,11234,Burlington,53,WA,3079,Skagit,53057,A,23398,WAUCR0001,Washington Association of Sheriffs and Police Chiefs Uniform Crime Reporting Program Criminal Justice Information Support,WA,1960,,2016,2013,2012,8610,6,"Cities from 2,500 thru 9,999",L,Y,N,12,12,10,,,,2016,27,5,98233,48.493292,-121.81577
20609,WA0050100,WA0050100,Port Angeles Police Department,Port Angeles,1,City,,,11356,Port Angeles,53,WA,3055,Clallam,53009,A,23398,WAUCR0001,Washington Association of Sheriffs and Police Chiefs Uniform Crime Reporting Program Criminal Justice Information Support,WA,1960,,2016,2013,2011,19304,5,"Cities from 10,000 thru 24,999",L,N,N,12,12,10,,,,2016,31,27,98362,48.110903,-123.88986
20893,WADI06400,WADI06400,Swinomish Tribal,Swinomish Tribal,7,Tribal,166,,,,53,WA,3684,,,A,23398,WAUCR0001,Washington Association of Sheriffs and Police Chiefs Uniform Crime Reporting Program Criminal Justice Information Support,WA,1993,,2016,2013,2012,0,7,"Cities under 2,500",L,Y,N,12,12,10,,,,2016,13,3,98257,48.493292,-121.81577
20650,WA0140100,WA0140100,Aberdeen Police Department,Aberdeen,1,City,,,11212,Aberdeen,53,WA,3064,Grays Harbor,53027,A,23398,WAUCR0001,Washington Association of Sheriffs and Police Chiefs Uniform Crime Reporting Program Criminal Justice Information Support,WA,1960,,2016,2013,2012,16100,5,"Cities from 10,000 thru 24,999",L,N,N,12,12,10,,,,2016,35,13,98520,47.142786,-123.827043
20850,WA0380100,WA0380100,Colfax Police Department,Colfax,1,City,,,11246,Colfax,53,WA,3088,Whitman,53075,A,23398,WAUCR0001,Washington Association of Sheriffs and Police Chiefs Uniform Crime Reporting Program Criminal Justice Information Support,WA,1960,,2016,2013,,2835,6,"Cities from 2,500 thru 9,999",L,N,N,7,7,9,,,,2016,6,0,99111,46.903322,-117.522962
20616,WA0060300,WA0060300,Vancouver Police Department,Vancouver,1,City,,,11416,Vancouver,53,WA,3056,Clark,53011,A,23398,WAUCR0001,Washington Association of Sheriffs and Police Chiefs Uniform Crime Reporting Program Criminal Justice Information Support,WA,1960,,2016,2013,2013,171076,2,"Cities from 100,000 thru 249,000",L,N,Y,12,12,10,,,,2016,193,42,98668,45.771674,-122.485903
20756,WA0250300,WA0250300,Ilwaco Police Department,Ilwaco,1,City,,,11290,Ilwaco,53,WA,3075,Pacific,53049,A,23398,WAUCR0001,Washington Association of Sheriffs and Police Chiefs Uniform Crime Reporting Program Criminal Justice Information Support,WA,1977,,2016,2013,2013,898,7,"Cities under 2,500",L,N,N,12,12,9,,,,2016,1,0,98624,46.556587,-123.782419
20636,WA0110200,WA0110200,Pasco Police Department,Pasco,1,City,,,11353,Pasco,53,WA,3061,Franklin,53021,A,23398,WAUCR0001,Washington Association of Sheriffs and Police Chiefs Uniform Crime Reporting Program Criminal Justice Information Support,WA,1960,,2016,2013,2011,70458,3,"Cities from 50,000 thru 99,000",L,N,N,12,12,10,,,,2016,71,12,99301,46.53458,-118.906944
20648,WA0131100,WA0131100,Warden Police Department,Warden,1,City,,,11420,Warden,53,WA,3063,Grant,53025,A,23398,WAUCR0001,Washington Association of Sheriffs and Police Chiefs Uniform Crime Reporting Program Criminal Justice Information Support,WA,1980,,2016,2013,2011,2761,6,"Cities from 2,500 thru 9,999",L,N,N,12,12,9,,,,2016,4,1,98857,47.213633,-119.467788
20827,WA0340200,WA0340200,Tumwater Police Department,Tumwater,1,City,,,11410,Tumwater,53,WA,3084,Thurston,53067,A,23398,WAUCR0001,Washington Association of Sheriffs and Police Chiefs Uniform Crime Reporting Program Criminal Justice Information Support,WA,1960,,2016,2013,2014,19193,5,"Cities from 10,000 thru 24,999",L,N,Y,12,12,10,,,,2016,28,5,98501,46.932598,-122.829441
20676,WA0171200,WA0171200,Redmond Police Department,Redmond,1,City,,,11367,Redmond,53,WA,3067,King,53033,A,23398,WAUCR0001,Washington Association of Sheriffs and Police Chiefs Uniform Crime Reporting Program Criminal Justice Information Support,WA,1968,,2016,2013,2012,60542,3,"Cities from 50,000 thru 99,000",L,N,Y,12,12,10,,,,2016,79,44,98073,47.493554,-121.832375
20688,WA0172500,WA0172500,Clyde Hill Police Department,Clyde Hill,1,City,,,11245,Clyde Hill,53,WA,3067,King,53033,A,23398,WAUCR0001,Washington Association of Sheriffs and Police Chiefs Uniform Crime Reporting Program Criminal Justice Information Support,WA,1965,,2016,2013,2011,3251,6,"Cities from 2,500 thru 9,999",L,Y,N,12,12,10,,,,2016,8,1,98004,47.493554,-121.832375
20712,WA0190200,WA0190200,Cle Elum Police Department,Cle Elum,1,City,,,11244,Cle Elum,53,WA,3069,Kittitas,53037,A,23398,WAUCR0001,Washington Association of Sheriffs and Police Chiefs Uniform Crime Reporting Program Criminal Justice Information Support,WA,1960,,2016,2013,2012,2783,6,"Cities from 2,500 thru 9,999",L,N,N,12,12,10,,,,2016,7,1,98922,47.124444,-120.676714
20725,WA0210700,WA0210700,Napavine Police Department,Napavine,1,City,,,11333,Napavine,53,WA,3071,Lewis,53041,A,23398,WAUCR0001,Washington Association of Sheriffs and Police Chiefs Uniform Crime Reporting Program Criminal Justice Information Support,WA,1990,,2016,2013,,1782,7,"Cities under 2,500",L,N,N,12,11,9,,,,2016,2,0,98565,46.580071,-122.377444
25414,WA0391700,WA0391700,Law Enforcement Against Drugs Task Force,Law Enforcement Against Drugs Task Force,5,Other,,,11400,Sunnyside,53,WA,3089,Yakima,53077,A,23398,WAUCR0001,Washington Association of Sheriffs and Police Chiefs Uniform Crime Reporting Program Criminal Justice Information Support,WA,2014,,2016,2014,,0,7,"Cities under 2,500",L,Y,N,12,12,3,,,,,,,,,
20708,WA0180500,WA0180500,Poulsbo Police Department,Poulsbo,1,City,,,11359,Poulsbo,53,WA,3068,Kitsap,53035,A,23398,WAUCR0001,Washington Association of Sheriffs and Police Chiefs Uniform Crime Reporting Program Criminal Justice Information Support,WA,1986,,2016,2013,2012,9809,6,"Cities from 2,500 thru 9,999",L,Y,N,12,12,10,,,,2016,17,3,98370,47.639687,-122.649636
20846,WA0370700,WA0370700,Sumas Police Department,Sumas,1,City,,,11398,Sumas,53,WA,3087,Whatcom,53073,A,23398,WAUCR0001,Washington Association of Sheriffs and Police Chiefs Uniform Crime Reporting Program Criminal Justice Information Support,WA,1997,,2016,2013,2012,1357,7,"Cities under 2,500",L,Y,N,12,12,10,,,,2016,6,1,98295,48.842653,-121.836432
20659,WA0150000,WA0150000,Island County Sheriff's Office,Island,2,County,,,,,53,WA,3065,Island,53029,A,23398,WAUCR0001,Washington Association of Sheriffs and Police Chiefs Uniform Crime Reporting Program Criminal Justice Information Support,WA,1960,,2016,2013,2010,54452,8B,"Non-MSA counties from 25,000 thru 99,999",L,N,N,12,12,10,,,,2016,38,7,98239,48.158554,-122.670649
20874,WA0391200,WA0391200,Tieton Police Department,Tieton,1,City,,,11404,Tieton,53,WA,3089,Yakima,53077,A,23398,WAUCR0001,Washington Association of Sheriffs and Police Chiefs Uniform Crime Reporting Program Criminal Justice Information Support,WA,1995,,2016,2013,,1260,7,"Cities under 2,500",L,Y,N,12,11,6,,,,2016,2,1,98947,46.456558,-120.740145
20785,WA0290200,WA0290200,Mount Vernon Police Department,Mount Vernon,1,City,,,11329,Mount Vernon,53,WA,3079,Skagit,53057,A,23398,WAUCR0001,Washington Association of Sheriffs and Police Chiefs Uniform Crime Reporting Program Criminal Justice Information Support,WA,1960,,2016,2013,2012,33474,4,"Cities from 25,000 thru 49,999",L,N,Y,12,12,10,,,,2016,42,12,98273,48.493292,-121.81577
20873,WA0391100,WA0391100,Selah Police Department,Selah,1,City,,,11381,Selah,53,WA,3089,Yakima,53077,A,23398,WAUCR0001,Washington Association of Sheriffs and Police Chiefs Uniform Crime Reporting Program Criminal Justice Information Support,WA,1960,,2016,2013,,7505,6,"Cities from 2,500 thru 9,999",L,Y,N,12,11,10,,,,2016,15,3,98942,46.456558,-120.740145
20599,WA0030000,WA0030000,Benton County Sheriff's Office,Benton,2,County,,,,,53,WA,3053,Benton,53005,A,23398,WAUCR0001,Washington Association of Sheriffs and Police Chiefs Uniform Crime Reporting Program Criminal Justice Information Support,WA,1960,,2016,2013,2011,37803,9B,"MSA counties from 25,000 thru 99,999",L,Y,N,12,12,10,,,,2016,58,13,99336,46.228072,-119.516864
20694,WA0173600,WA0173600,Federal Way Police Department,Federal Way,1,City,,,11275,Federal Way,53,WA,3067,King,53033,A,23398,WAUCR0001,Washington Association of Sheriffs and Police Chiefs Uniform Crime Reporting Program Criminal Justice Information Support,WA,1992,,2016,2013,2012,94424,3,"Cities from 50,000 thru 99,000",L,N,N,12,12,10,,,,2016,130,29,98063,47.493554,-121.832375
20841,WA0370100,WA0370100,Bellingham Police Department,Bellingham,1,City,,,11223,Bellingham,53,WA,3087,Whatcom,53073,A,23398,WAUCR0001,Washington Association of Sheriffs and Police Chiefs Uniform Crime Reporting Program Criminal Justice Information Support,WA,1960,,2016,2013,2010,83976,3,"Cities from 50,000 thru 99,000",L,N,Y,12,12,10,,,,2016,113,61,98225,48.842653,-121.836432
20681,WA0171700,WA0171700,Des Moines Police Department,Des Moines,1,City,,,11261,Des Moines,53,WA,3067,King,53033,A,23398,WAUCR0001,Washington Association of Sheriffs and Police Chiefs Uniform Crime Reporting Program Criminal Justice Information Support,WA,1960,,2016,2013,2013,31335,4,"Cities from 25,000 thru 49,999",L,Y,N,12,12,10,,,,2016,32,11,98198,47.493554,-121.832375
20711,WA0190100,WA0190100,Ellensburg Police Department,Ellensburg,1,City,,,11268,Ellensburg,53,WA,3069,Kittitas,53037,A,23398,WAUCR0001,Washington Association of Sheriffs and Police Chiefs Uniform Crime Reporting Program Criminal Justice Information Support,WA,1960,,2016,2013,2012,18899,5,"Cities from 10,000 thru 24,999",L,N,N,12,12,10,,,,2016,29,7,98926,47.124444,-120.676714
20869,WA0390600,WA0390600,Zillah Police Department,Zillah,1,City,,,11434,Zillah,53,WA,3089,Yakima,53077,A,23398,WAUCR0001,Washington Association of Sheriffs and Police Chiefs Uniform Crime Reporting Program Criminal Justice Information Support,WA,1980,,2016,2013,2011,3138,6,"Cities from 2,500 thru 9,999",L,Y,N,12,12,10,,,,2016,7,1,98953,46.456558,-120.740145
20625,WA0080200,WA0080200,Longview Police Department,Longview,1,City,,,11311,Longview,53,WA,3058,Cowlitz,53015,A,23398,WAUCR0001,Washington Association of Sheriffs and Police Chiefs Uniform Crime Reporting Program Criminal Justice Information Support,WA,1960,,2016,2013,2011,36401,4,"Cities from 25,000 thru 49,999",L,N,Y,12,12,10,,,,2016,58,11,98632,46.185923,-122.658682
20727,WA0211000,WA0211000,Toledo Police Department,Toledo,1,City,,,11405,Toledo,53,WA,3071,Lewis,53041,A,23398,WAUCR0001,Washington Association of Sheriffs and Police Chiefs Uniform Crime Reporting Program Criminal Justice Information Support,WA,1990,,2016,2014,2015,720,7,"Cities under 2,500",L,N,N,12,12,7,,,,2016,4,1,98591,46.580071,-122.377444
20867,WA0390400,WA0390400,Union Gap Police Department,Union Gap,1,City,,,11412,Union Gap,53,WA,3089,Yakima,53077,A,23398,WAUCR0001,Washington Association of Sheriffs and Police Chiefs Uniform Crime Reporting Program Criminal Justice Information Support,WA,1984,,2016,2013,2013,6022,6,"Cities from 2,500 thru 9,999",L,Y,N,12,12,10,,,,2016,16,3,98903,46.456558,-120.740145
20828,WA0340400,WA0340400,Lacey Police Department,Lacey,1,City,,,11303,Lacey,53,WA,3084,Thurston,53067,A,23398,WAUCR0001,Washington Association of Sheriffs and Police Chiefs Uniform Crime Reporting Program Criminal Justice Information Support,WA,1967,,2016,2013,2014,46193,4,"Cities from 25,000 thru 49,999",L,Y,N,12,12,10,,,,2016,50,8,98509,46.932598,-122.829441
20773,WA0271400,WA0271400,Bonney Lake Police Department,Bonney Lake,1,City,,,11228,Bonney Lake,53,WA,3077,Pierce,53053,A,23398,WAUCR0001,Washington Association of Sheriffs and Police Chiefs Uniform Crime Reporting Program Criminal Justice Information Support,WA,1978,,2016,2013,2007,19180,5,"Cities from 10,000 thru 24,999",L,Y,N,12,12,10,,,,2016,27,5,98390,47.051437,-122.153228
20820,WA0330100,WA0330100,Chewelah Police Department,Chewelah,1,City,,,11242,Chewelah,53,WA,3083,Stevens,53065,A,23398,WAUCR0001,Washington Association of Sheriffs and Police Chiefs Uniform Crime Reporting Program Criminal Justice Information Support,WA,1978,,2016,2013,2010,2601,6,"Cities from 2,500 thru 9,999",L,Y,N,12,12,10,,,,2016,5,1,99109,48.390648,-117.854897
20762,WA0270000,WA0270000,Pierce County Sheriff's Office,Pierce,2,County,,,,,53,WA,3077,Pierce,53053,A,23398,WAUCR0001,Washington Association of Sheriffs and Police Chiefs Uniform Crime Reporting Program Criminal Justice Information Support,WA,1960,,2016,2013,2007,393883,9A,"MSA counties 100,000 or over",L,Y,N,12,12,10,,,,2016,268,60,98402,47.051437,-122.153228
20715,WA0190800,WA0190800,Central Washington University,Central Washington University,3,University or College,,109,,,53,WA,3069,Kittitas,53037,A,23398,WAUCR0001,Washington Association of Sheriffs and Police Chiefs Uniform Crime Reporting Program Criminal Justice Information Support,WA,1973,,2016,2013,2010,0,7,"Cities under 2,500",L,N,N,12,12,10,,,,2016,14,2,98926,47.124444,-120.676714
20722,WA0210200,WA0210200,Chehalis Police Department,Chehalis,1,City,,,11239,Chehalis,53,WA,3071,Lewis,53041,A,23398,WAUCR0001,Washington Association of Sheriffs and Police Chiefs Uniform Crime Reporting Program Criminal Justice Information Support,WA,1960,,2016,2013,2012,7261,6,"Cities from 2,500 thru 9,999",L,N,N,12,12,10,,,,2016,17,5,98532,46.580071,-122.377444
20655,WA0140600,WA0140600,Cosmopolis Police Department,Cosmopolis,1,City,,,11252,Cosmopolis,53,WA,3064,Grays Harbor,53027,A,23398,WAUCR0001,Washington Association of Sheriffs and Police Chiefs Uniform Crime Reporting Program Criminal Justice Information Support,WA,1975,,2016,2013,2013,1575,7,"Cities under 2,500",L,N,N,12,12,9,,,,2016,5,1,98537,47.142786,-123.827043
20679,WA0171500,WA0171500,Black Diamond Police Department,Black Diamond,1,City,,,11226,Black Diamond,53,WA,3067,King,53033,A,23398,WAUCR0001,Washington Association of Sheriffs and Police Chiefs Uniform Crime Reporting Program Criminal Justice Information Support,WA,1980,,2016,2013,2011,4383,6,"Cities from 2,500 thru 9,999",L,Y,N,12,12,10,,,,2016,8,1,98010,47.493554,-121.832375
20769,WA0270900,WA0270900,Milton Police Department,Milton,1,City,,,11323,Milton,53,WA,3077,Pierce,53053,A,23398,WAUCR0001,Washington Association of Sheriffs and Police Chiefs Uniform Crime Reporting Program Criminal Justice Information Support,WA,1971,,2016,2013,2013,7420,6,"Cities from 2,500 thru 9,999",L,Y,N,12,12,10,,,,2016,13,1,98354,47.051437,-122.153228
20815,WA0320600,WA0320600,Airway Heights Police Department,Airway Heights,1,City,,,11213,Airway Heights,53,WA,3082,Spokane,53063,A,23398,WAUCR0001,Washington Association of Sheriffs and Police Chiefs Uniform Crime Reporting Program Criminal Justice Information Support,WA,1980,,2016,2013,2010,6652,6,"Cities from 2,500 thru 9,999",L,Y,N,12,12,10,,,,2016,18,1,99001,47.620375,-117.403371
20770,WA0271000,WA0271000,Roy Police Department,Roy,1,City,,,11375,Roy,53,WA,3077,Pierce,53053,A,23398,WAUCR0001,Washington Association of Sheriffs and Police Chiefs Uniform Crime Reporting Program Criminal Justice Information Support,WA,1980,,2016,2013,2008,808,7,"Cities under 2,500",L,Y,N,12,12,10,,,,2016,2,0,98580,47.051437,-122.153228
20630,WA0090200,WA0090200,East Wenatchee Police Department,East Wenatchee,1,City,,,11264,East Wenatchee,53,WA,3059,Douglas,53017,A,23398,WAUCR0001,Washington Association of Sheriffs and Police Chiefs Uniform Crime Reporting Program Criminal Justice Information Support,WA,1980,,2016,2013,2012,13575,5,"Cities from 10,000 thru 24,999",L,Y,N,12,12,10,,,,2016,21,3,98802,47.735866,-119.69588
20675,WA0171100,WA0171100,North Bend Police Department,North Bend,1,City,,,11337,North Bend,53,WA,3067,King,53033,A,23398,WAUCR0001,Washington Association of Sheriffs and Police Chiefs Uniform Crime Reporting Program Criminal Justice Information Support,WA,1994,,2016,2014,2015,6779,6,"Cities from 2,500 thru 9,999",L,Y,N,12,12,10,,,,2016,1,0,98045,47.493554,-121.832375
20767,WA0270500,WA0270500,Eatonville Police Department,Eatonville,1,City,,,11265,Eatonville,53,WA,3077,Pierce,53053,A,23398,WAUCR0001,Washington Association of Sheriffs and Police Chiefs Uniform Crime Reporting Program Criminal Justice Information Support,WA,1980,,2016,2013,2011,2893,6,"Cities from 2,500 thru 9,999",L,Y,N,12,12,10,,,,2016,4,1,98328,47.051437,-122.153228
20870,WA0390700,WA0390700,Granger Police Department,Granger,1,City,,,11285,Granger,53,WA,3089,Yakima,53077,A,23398,WAUCR0001,Washington Association of Sheriffs and Police Chiefs Uniform Crime Reporting Program Criminal Justice Information Support,WA,1984,,2016,2013,2012,3430,6,"Cities from 2,500 thru 9,999",L,Y,N,12,12,9,,,,2016,6,0,98932,46.456558,-120.740145
20692,WA0173100,WA0173100,Yarrow Point Police Department,Yarrow Point,1,City,,,11245,Clyde Hill,53,WA,3067,King,53033,A,23398,WAUCR0001,Washington Association of Sheriffs and Police Chiefs Uniform Crime Reporting Program Criminal Justice Information Support,WA,1983,,2016,2013,2011,1078,7,"Cities under 2,500",L,Y,N,12,12,10,,,,2016,1,0,98004,47.493554,-121.832375
20615,WA0060200,WA0060200,Camas Police Department,Camas,1,City,,,11235,Camas,53,WA,3056,Clark,53011,A,23398,WAUCR0001,Washington Association of Sheriffs and Police Chiefs Uniform Crime Reporting Program Criminal Justice Information Support,WA,1960,,2016,2013,2013,21674,5,"Cities from 10,000 thru 24,999",L,Y,N,12,12,10,,,,2016,26,3,98607,45.771674,-122.485903
20764,WA0270200,WA0270200,Sumner Police Department,Sumner,1,City,,,11399,Sumner,53,WA,3077,Pierce,53053,A,23398,WAUCR0001,Washington Association of Sheriffs and Police Chiefs Uniform Crime Reporting Program Criminal Justice Information Support,WA,1960,,2016,2013,2007,9737,6,"Cities from 2,500 thru 9,999",L,Y,N,12,12,10,,,,2016,19,4,98390,47.051437,-122.153228
20597,WA0020100,WA0020100,Clarkston Police Department,Clarkston,1,City,,,11243,Clarkston,53,WA,3052,Asotin,53003,A,23398,WAUCR0001,Washington Association of Sheriffs and Police Chiefs Uniform Crime Reporting Program Criminal Justice Information Support,WA,1960,,2016,2013,2009,7387,6,"Cities from 2,500 thru 9,999",L,Y,N,12,12,10,,,,2016,14,1,99403,46.181861,-117.227781
20840,WA0370000,WA0370000,Whatcom County Sheriff's Office,Whatcom,2,County,,,,,53,WA,3087,Whatcom,53073,A,23398,WAUCR0001,Washington Association of Sheriffs and Police Chiefs Uniform Crime Reporting Program Criminal Justice Information Support,WA,1960,,2016,2014,2014,89931,9B,"MSA counties from 25,000 thru 99,999",L,Y,N,12,12,10,,,,2016,86,101,98225,48.842653,-121.836432
20717,WA0200100,WA0200100,Goldendale Police Department,Goldendale,1,City,,,11282,Goldendale,53,WA,3070,Klickitat,53039,A,23398,WAUCR0001,Washington Association of Sheriffs and Police Chiefs Uniform Crime Reporting Program Criminal Justice Information Support,WA,1960,,2016,2013,2010,3433,6,"Cities from 2,500 thru 9,999",L,N,N,12,12,10,,,,2016,7,1,98620,45.869509,-120.780117
20611,WA0050300,WA0050300,Sequim Police Department,Sequim,1,City,,,11382,Sequim,53,WA,3055,Clallam,53009,A,23398,WAUCR0001,Washington Association of Sheriffs and Police Chiefs Uniform Crime Reporting Program Criminal Justice Information Support,WA,1977,,2016,2013,2011,6767,6,"Cities from 2,500 thru 9,999",L,N,N,12,12,10,,,,2016,19,3,98382,48.110903,-123.88986
20667,WA0170200,WA0170200,Bellevue Police Department,Bellevue,1,City,,,11222,Bellevue,53,WA,3067,King,53033,A,23398,WAUCR0001,Washington Association of Sheriffs and Police Chiefs Uniform Crime Reporting Program Criminal Justice Information Support,WA,1960,,2016,,2015,138532,2,"Cities from 100,000 thru 249,000",L,N,Y,12,12,10,,,,2016,175,40,98009,47.493554,-121.832375
20645,WA0130700,WA0130700,Grand Coulee Police Department,Grand Coulee,1,City,,,11283,Grand Coulee,53,WA,3063,Grant,53025,A,23398,WAUCR0001,Washington Association of Sheriffs and Police Chiefs Uniform Crime Reporting Program Criminal Justice Information Support,WA,1960,,2016,2013,2011,1056,7,"Cities under 2,500",L,N,N,12,12,10,,,,2016,7,0,99133,47.213633,-119.467788
20741,WA0240100,WA0240100,Brewster Police Department,Brewster,1,City,,,11231,Brewster,53,WA,3074,Okanogan,53047,A,23398,WAUCR0001,Washington Association of Sheriffs and Police Chiefs Uniform Crime Reporting Program Criminal Justice Information Support,WA,1990,,2016,2013,2012,2349,7,"Cities under 2,500",L,N,N,12,12,10,,,,2016,5,1,98812,48.550971,-119.691035
20602,WA0030300,WA0030300,Prosser Police Department,Prosser,1,City,,,11360,Prosser,53,WA,3053,Benton,53005,A,23398,WAUCR0001,Washington Association of Sheriffs and Police Chiefs Uniform Crime Reporting Program Criminal Justice Information Support,WA,1960,,2016,2013,2013,5817,6,"Cities from 2,500 thru 9,999",L,Y,N,12,12,10,,,,2016,13,1,99350,46.228072,-119.516864
20799,WA0310700,WA0310700,Snohomish Police Department,Snohomish,1,City,,,11386,Snohomish,53,WA,3081,Snohomish,53061,A,23398,WAUCR0001,Washington Association of Sheriffs and Police Chiefs Uniform Crime Reporting Program Criminal Justice Information Support,WA,1960,,2016,2013,2009,9640,6,"Cities from 2,500 thru 9,999",L,Y,N,12,12,10,,,,2016,18,2,98290,48.054913,-121.766412
20758,WA0260000,WA0260000,Pend Oreille County Sheriff's Office,Pend Oreille,2,County,,,,,53,WA,3076,Pend Oreille,53051,A,23398,WAUCR0001,Washington Association of Sheriffs and Police Chiefs Uniform Crime Reporting Program Criminal Justice Information Support,WA,1960,,2016,2013,2012,13036,9C,"MSA counties from 10,000 thru 24,999",L,Y,N,12,12,10,,,,2016,14,20,99156,48.543825,-117.232191
20735,WA0220600,WA0220600,Odessa Police Department,Odessa,1,City,,,11344,Odessa,53,WA,3072,Lincoln,53043,A,23398,WAUCR0001,Washington Association of Sheriffs and Police Chiefs Uniform Crime Reporting Program Criminal Justice Information Support,WA,1991,,2016,2013,2013,858,7,"Cities under 2,500",L,N,N,12,12,9,,,,2016,2,0,99159,47.582718,-118.417667
20732,WA0220200,WA0220200,Wilbur Police Department,Wilbur,1,City,,,11426,Wilbur,53,WA,3072,Lincoln,53043,A,23398,WAUCR0001,Washington Association of Sheriffs and Police Chiefs Uniform Crime Reporting Program Criminal Justice Information Support,WA,1990,,2016,2013,2013,837,7,"Cities under 2,500",L,N,N,0,8,7,20730,WA0220000,Lincoln,2015,1,0,99185,47.582718,-118.417667
20754,WA0250100,WA0250100,Raymond Police Department,Raymond,1,City,,,11365,Raymond,53,WA,3075,Pacific,53049,A,23398,WAUCR0001,Washington Association of Sheriffs and Police Chiefs Uniform Crime Reporting Program Criminal Justice Information Support,WA,1960,,2016,2013,2012,2765,6,"Cities from 2,500 thru 9,999",L,N,N,12,12,10,,,,2016,6,1,98577,46.556587,-123.782419
20814,WA0320400,WA0320400,Spokane Police Department,Spokane,1,City,,,11390,Spokane,53,WA,3082,Spokane,53063,A,23398,WAUCR0001,Washington Association of Sheriffs and Police Chiefs Uniform Crime Reporting Program Criminal Justice Information Support,WA,1960,,2016,,,212698,2,"Cities from 100,000 thru 249,000",L,N,Y,12,3,10,,,,2016,307,93,99260,47.620375,-117.403371
20852,WA0380300,WA0380300,Pullman Police Department,Pullman,1,City,,,11361,Pullman,53,WA,3088,Whitman,53075,A,23398,WAUCR0001,Washington Association of Sheriffs and Police Chiefs Uniform Crime Reporting Program Criminal Justice Information Support,WA,1960,,2016,2013,2006,32174,4,"Cities from 25,000 thru 49,999",L,N,N,12,12,10,,,,2016,29,11,99163,46.903322,-117.522962
20651,WA0140200,WA0140200,Elma Police Department,Elma,1,City,,,11269,Elma,53,WA,3064,Grays Harbor,53027,A,23398,WAUCR0001,Washington Association of Sheriffs and Police Chiefs Uniform Crime Reporting Program Criminal Justice Information Support,WA,1976,,2016,2013,2012,2997,6,"Cities from 2,500 thru 9,999",L,N,N,12,12,10,,,,2016,7,1,98541,47.142786,-123.827043
20833,WA0341900,WA0341900,Evergreen State College,Evergreen State College,3,University or College,,200,,,53,WA,3084,Thurston,53067,A,23398,WAUCR0001,Washington Association of Sheriffs and Police Chiefs Uniform Crime Reporting Program Criminal Justice Information Support,WA,2000,,2016,2013,2010,0,7,"Cities under 2,500",L,Y,N,12,12,10,,,,2016,9,6,98505,46.932598,-122.829441
20709,WA0180700,WA0180700,Bainbridge Island Police Department,Bainbridge Island,1,City,,,11220,Bainbridge Island,53,WA,3068,Kitsap,53035,A,23398,WAUCR0001,Washington Association of Sheriffs and Police Chiefs Uniform Crime Reporting Program Criminal Justice Information Support,WA,1993,,2016,2013,2012,23351,5,"Cities from 10,000 thru 24,999",L,Y,N,12,12,10,,,,2016,18,4,98110,47.639687,-122.649636
20670,WA0170600,WA0170600,Issaquah Police Department,Issaquah,1,City,,,11292,Issaquah,53,WA,3067,King,53033,A,23398,WAUCR0001,Washington Association of Sheriffs and Police Chiefs Uniform Crime Reporting Program Criminal Justice Information Support,WA,1967,,2016,2013,2011,34999,4,"Cities from 25,000 thru 49,999",L,Y,N,12,12,10,,,,2016,33,28,98027,47.493554,-121.832375
20843,WA0370300,WA0370300,Everson Police Department,Everson,1,City,,,11274,Everson,53,WA,3087,Whatcom,53073,A,23398,WAUCR0001,Washington Association of Sheriffs and Police Chiefs Uniform Crime Reporting Program Criminal Justice Information Support,WA,1995,,2016,2013,2012,4050,6,"Cities from 2,500 thru 9,999",L,Y,N,12,12,10,,,,2016,6,1,98247,48.842653,-121.836432
20620,WA0061000,WA0061000,Washington State University: Vancouver,Washington State University: Vancouver,3,University or College,,870,,,53,WA,3056,Clark,53011,A,23398,WAUCR0001,Washington Association of Sheriffs and Police Chiefs Uniform Crime Reporting Program Criminal Justice Information Support,WA,1997,,2016,2013,,0,7,"Cities under 2,500",L,Y,N,12,11,10,,,,2016,3,3,98686,45.771674,-122.485903
20842,WA0370200,WA0370200,Blaine Police Department,Blaine,1,City,,,11227,Blaine,53,WA,3087,Whatcom,53073,A,23398,WAUCR0001,Washington Association of Sheriffs and Police Chiefs Uniform Crime Reporting Program Criminal Justice Information Support,WA,1968,,2016,2013,2012,5048,6,"Cities from 2,500 thru 9,999",L,Y,N,12,12,9,,,,2016,11,2,98230,48.842653,-121.836432
20656,WA0140700,WA0140700,Oakville Police Department,Oakville,1,City,,,11342,Oakville,53,WA,3064,Grays Harbor,53027,A,23398,WAUCR0001,Washington Association of Sheriffs and Police Chiefs Uniform Crime Reporting Program Criminal Justice Information Support,WA,1980,,2016,2013,2013,658,7,"Cities under 2,500",L,N,N,12,12,9,,,,2016,1,0,98568,47.142786,-123.827043
20771,WA0271100,WA0271100,Steilacoom Police Department,Steilacoom,1,City,,,11395,Steilacoom,53,WA,3077,Pierce,53053,A,23398,WAUCR0001,Washington Association of Sheriffs and Police Chiefs Uniform Crime Reporting Program Criminal Justice Information Support,WA,1973,,2016,2013,2007,6228,6,"Cities from 2,500 thru 9,999",L,Y,N,12,12,10,,,,2016,9,1,98388,47.051437,-122.153228
20819,WA0330000,WA0330000,Stevens County Sheriff's Office,Stevens,2,County,,,,,53,WA,3083,Stevens,53065,A,23398,WAUCR0001,Washington Association of Sheriffs and Police Chiefs Uniform Crime Reporting Program Criminal Justice Information Support,WA,1960,,2016,2013,2012,34666,9B,"MSA counties from 25,000 thru 99,999",L,Y,N,12,12,10,,,,2016,26,27,99114,48.390648,-117.854897
20686,WA0172300,WA0172300,Tukwila Police Department,Tukwila,1,City,,,11409,Tukwila,53,WA,3067,King,53033,A,23398,WAUCR0001,Washington Association of Sheriffs and Police Chiefs Uniform Crime Reporting Program Criminal Justice Information Support,WA,1968,,2016,2013,2011,20116,5,"Cities from 10,000 thru 24,999",L,Y,N,12,12,10,,,,2016,77,17,98188,47.493554,-121.832375
20765,WA0270300,WA0270300,Tacoma Police Department,Tacoma,1,City,,,11401,Tacoma,53,WA,3077,Pierce,53053,A,23398,WAUCR0001,Washington Association of Sheriffs and Police Chiefs Uniform Crime Reporting Program Criminal Justice Information Support,WA,1960,,2016,2013,2007,206884,2,"Cities from 100,000 thru 249,000",L,N,Y,12,12,10,,,,2016,336,35,98409,47.051437,-122.153228
20604,WA0030500,WA0030500,West Richland Police Department,West Richland,1,City,,,11423,West Richland,53,WA,3053,Benton,53005,A,23398,WAUCR0001,Washington Association of Sheriffs and Police Chiefs Uniform Crime Reporting Program Criminal Justice Information Support,WA,1983,,2016,2013,2012,13716,5,"Cities from 10,000 thru 24,999",L,Y,N,12,12,10,,,,2016,18,3,99353,46.228072,-119.516864
20629,WA0090000,WA0090000,Douglas County Sheriff's Office,Douglas,2,County,,,,,53,WA,3059,Douglas,53017,A,23398,WAUCR0001,Washington Association of Sheriffs and Police Chiefs Uniform Crime Reporting Program Criminal Justice Information Support,WA,1960,,2016,2013,2012,26506,9B,"MSA counties from 25,000 thru 99,999",L,Y,N,12,12,9,,,,2016,27,6,98802,47.735866,-119.69588
20797,WA0310500,WA0310500,Marysville Police Department,Marysville,1,City,,,11317,Marysville,53,WA,3081,Snohomish,53061,A,23398,WAUCR0001,Washington Association of Sheriffs and Police Chiefs Uniform Crime Reporting Program Criminal Justice Information Support,WA,1960,,2016,,2016,66374,3,"Cities from 50,000 thru 99,000",L,N,N,12,12,10,,,,2016,64,24,98270,48.054913,-121.766412
20781,WA0272500,WA0272500,Edgewood Police Department,Edgewood,1,City,,,11266,Edgewood,53,WA,3077,Pierce,53053,A,23398,WAUCR0001,Washington Association of Sheriffs and Police Chiefs Uniform Crime Reporting Program Criminal Justice Information Support,WA,1998,,2016,2013,2007,9844,6,"Cities from 2,500 thru 9,999",L,Y,N,12,12,10,,,,2016,8,1,98371,47.051437,-122.153228
20635,WA0110100,WA0110100,Connell Police Department,Connell,1,City,,,11251,Connell,53,WA,3061,Franklin,53021,A,23398,WAUCR0001,Washington Association of Sheriffs and Police Chiefs Uniform Crime Reporting Program Criminal Justice Information Support,WA,1963,,2016,2013,2010,5746,6,"Cities from 2,500 thru 9,999",L,Y,N,12,12,10,,,,2016,6,0,99326,46.53458,-118.906944
20782,WA0280000,WA0280000,San Juan County Sheriff's Office,San Juan,2,County,,,,,53,WA,3078,San Juan,53055,A,23398,WAUCR0001,Washington Association of Sheriffs and Police Chiefs Uniform Crime Reporting Program Criminal Justice Information Support,WA,1960,,2016,2013,2008,16138,8C,"Non-MSA counties from 10,000 thru 24,999",L,N,N,12,12,10,,,,2016,20,12,98250,48.508861,-123.100616
20858,WA0380900,WA0380900,Palouse Police Department,Palouse,1,City,,,11352,Palouse,53,WA,3088,Whitman,53075,A,23398,WAUCR0001,Washington Association of Sheriffs and Police Chiefs Uniform Crime Reporting Program Criminal Justice Information Support,WA,1990,,2016,2013,,1016,7,"Cities under 2,500",L,N,N,2,2,8,,,,2016,3,0,99161,46.903322,-117.522962
20682,WA0171800,WA0171800,Duvall Police Department,Duvall,1,City,,,11263,Duvall,53,WA,3067,King,53033,A,23398,WAUCR0001,Washington Association of Sheriffs and Police Chiefs Uniform Crime Reporting Program Criminal Justice Information Support,WA,1994,,2016,2013,2013,7882,6,"Cities from 2,500 thru 9,999",L,Y,N,12,12,10,,,,2016,12,1,98019,47.493554,-121.832375
20618,WA0060500,WA0060500,Ridgefield Police Department,Ridgefield,1,City,,,11371,Ridgefield,53,WA,3056,Clark,53011,A,23398,WAUCR0001,Washington Association of Sheriffs and Police Chiefs Uniform Crime Reporting Program Criminal Justice Information Support,WA,1973,,2016,2013,2010,6510,6,"Cities from 2,500 thru 9,999",L,Y,N,12,12,10,,,,2016,9,1,98642,45.771674,-122.485903
20796,WA0310400,WA0310400,Lynnwood Police Department,Lynnwood,1,City,,,11313,Lynnwood,53,WA,3081,Snohomish,53061,A,23398,WAUCR0001,Washington Association of Sheriffs and Police Chiefs Uniform Crime Reporting Program Criminal Justice Information Support,WA,1960,,2016,,2016,36885,4,"Cities from 25,000 thru 49,999",L,Y,N,12,12,10,,,,2016,70,32,98046,48.054913,-121.766412
20668,WA0170300,WA0170300,Bothell Police Department,Bothell,1,City,,,11229,Bothell,53,WA,3067,King,53033,A,23398,WAUCR0001,Washington Association of Sheriffs and Police Chiefs Uniform Crime Reporting Program Criminal Justice Information Support,WA,1966,,2016,2013,2012,37346,4,"Cities from 25,000 thru 49,999",L,Y,N,12,12,10,,,,2016,58,26,98011,47.493554,-121.832375
20740,WA0240000,WA0240000,Okanogan County Sheriff's Office,Okanogan,2,County,,,,,53,WA,3074,Okanogan,53047,A,23398,WAUCR0001,Washington Association of Sheriffs and Police Chiefs Uniform Crime Reporting Program Criminal Justice Information Support,WA,1960,,2016,2013,2010,29313,8B,"Non-MSA counties from 25,000 thru 99,999",L,N,N,12,12,10,,,,2016,30,5,98840,48.550971,-119.691035
20632,WA0100000,WA0100000,Ferry County Sheriff's Office,Ferry,2,County,,,,,53,WA,3060,Ferry,53019,A,23398,WAUCR0001,Washington Association of Sheriffs and Police Chiefs Uniform Crime Reporting Program Criminal Justice Information Support,WA,1960,,2016,2013,2012,6639,8D,"Non-MSA counties under 10,000",L,N,N,12,12,10,,,,2016,11,6,99166,48.473256,-118.533589
20856,WA0380700,WA0380700,Garfield Police Department,Garfield,1,City,,,11280,Garfield,53,WA,3088,Whitman,53075,A,23398,WAUCR0001,Washington Association of Sheriffs and Police Chiefs Uniform Crime Reporting Program Criminal Justice Information Support,WA,1982,,2016,2013,,598,7,"Cities under 2,500",L,N,N,3,3,5,,,,2015,1,0,99130,46.903322,-117.522962
20836,WA0360000,WA0360000,Walla Walla County Sheriff's Office,Walla Walla,2,County,,,,,53,WA,3086,Walla Walla,53071,A,23398,WAUCR0001,Washington Association of Sheriffs and Police Chiefs Uniform Crime Reporting Program Criminal Justice Information Support,WA,1960,,2016,2013,2012,19310,9C,"MSA counties from 10,000 thru 24,999",L,Y,N,12,12,10,,,,2016,26,7,99362,46.254606,-118.480374
